nameRec,UnifiedPlusInd
Abies alba,Abies alba
Acer,Acer
Acer campestre,Acer campestre
Acer platanoides,Acer platanoides
Acer pseudoplatanus,Acer pseudoplatanus
Achillea,Achillea
Achillea ageratum,Achillea ageratum
Achillea millefolium,Achillea millefolium
Achillea ptarmica,Achillea ptarmica
Acorus calamus,Acorus calamus
Adiantum,Adiantum
Adoxa moschatellina,Adoxa moschatellina
Aegopodium podagraria,Aegopodium podagraria
Aesculus hippocastanum,Aesculus hippocastanum
Aethusa cynapium,Aethusa cynapium
Agrimonia,Agrimonia eupatoria
Agrimonia eupatoria,Agrimonia eupatoria
Agrimonia eupatoria x procera = A. x wirtgenii,Agrimonia eupatoria
Agrimonia procera,Agrimonia procera
Agrostis,Agrostis
Agrostis canina,Agrostis canina
Agrostis canina sensu lato,Agrostis canina sensu lato
Agrostis capillaris,Agrostis capillaris
Agrostis curtisii,Agrostis curtisii
Agrostis gigantea,Agrostis gigantea
Agrostis stolonifera,Agrostis stolonifera
Agrostis vinealis,Agrostis vinealis
Aira caryophyllea,Aira caryophyllea
Aira praecox,Aira praecox
Ajuga pyramidalis,Ajuga pyramidalis
Ajuga reptans,Ajuga reptans
Alchemilla,Alchemilla
Alchemilla alpina,Alchemilla alpina
Alchemilla filicaulis subsp. vestita,Alchemilla filicaulis subsp. vestita
Alchemilla glabra,Alchemilla glabra
Alchemilla mollis,Alchemilla mollis
Alchemilla vulgaris agg.,Alchemilla vulgaris agg.
Alchemilla xanthochlora,Alchemilla xanthochlora
Alisma plantago-aquatica,Alisma plantago-aquatica
Alliaria,Alliaria petiolata
Alliaria petiolata,Alliaria petiolata
Allium,Allium
Allium sativum,Allium sativum
Allium spp.,Allium spp.
Allium triquetrum,Allium triquetrum
Allium ursinum,Allium ursinum
Allium vineale,Allium vineale
Alnus glutinosa,Alnus glutinosa
Alnus incana,Alnus incana
Alopecurus,Alopecurus
Alopecurus geniculatus,Alopecurus geniculatus
Alopecurus myosuroides,Alopecurus myosuroides
Alopecurus pratensis,Alopecurus pratensis
Althaea officinalis,Althaea officinalis
Amaranthus hybridus,Amaranthus hybridus
Ammophila arenaria,Ammophila arenaria
Anacamptis pyramidalis,Anacamptis pyramidalis
Anagallis,Anagallis arvensis
Anagallis arvensis,Anagallis arvensis
Anagallis arvensis subsp. foemina,Anagallis arvensis
Anagallis tenella,Anagallis tenella
Anchusa arvensis,Anchusa arvensis
Anchusa ochroleuca x officinalis = A. x baumgartenii,Anchusa ochroleuca x officinalis = A. x baumgartenii
Anemone nemorosa,Anemone nemorosa
Angelica,Angelica sylvestris
Angelica archangelica,Angelica archangelica
Angelica sylvestris,Angelica sylvestris
Antennaria dioica,Antennaria dioica
Anthemis,Anthemis
Anthemis arvensis,Anthemis arvensis
Anthemis cotula,Anthemis cotula
Anthoxanthum,Anthoxanthum odoratum
Anthoxanthum aristatum,Anthoxanthum aristatum
Anthoxanthum odoratum,Anthoxanthum odoratum
Anthoxanthum ovatum,Anthoxanthum odoratum
Anthriscus caucalis,Anthriscus caucalis
Anthriscus sylvestris,Anthriscus sylvestris
Anthyllis vulneraria,Anthyllis vulneraria
Aphanes arvensis,Aphanes arvensis agg.
Aphanes arvensis agg.,Aphanes arvensis agg.
Aphanes australis,Aphanes arvensis agg.
Apiaceae,Apiaceae
Apium graveolens,Apium graveolens
Apium inundatum,Apium inundatum
Apium nodiflorum,Apium nodiflorum
Arabidopsis thaliana,Arabidopsis thaliana
Arabis hirsuta,Arabis hirsuta
Arctium,Arctium minus/nemorosum
Arctium lappa,Arctium lappa
Arctium minus,Arctium minus/nemorosum
Arctium minus/nemorosum,Arctium minus/nemorosum
Arctium nemorosum,Arctium minus/nemorosum
Arenaria serpyllifolia,Arenaria serpyllifolia
Armeria,Armeria maritima
Armeria maritima,Armeria maritima
Armeria maritima subsp. maritima,Armeria maritima
Armoracia rusticana,Armoracia rusticana
Arrhenatherum,Arrhenatherum elatius
Arrhenatherum elatius,Arrhenatherum elatius
Artemisia,Artemisia vulgaris
Artemisia campestris,Artemisia campestris
Artemisia vulgaris,Artemisia vulgaris
Arum,Arum maculatum
Arum italicum,Arum maculatum
Arum maculatum,Arum maculatum
Asperula cynanchica,Asperula cynanchica
Asplenium,Asplenium
Asplenium adiantum-nigrum,Asplenium adiantum-nigrum
Asplenium adiantum-nigrum x septentrionale = A. x contrei,Asplenium adiantum-nigrum
Asplenium ruta-muraria,Asplenium ruta-muraria
Asplenium trichomanes,Asplenium trichomanes
Asplenium viride,Asplenium viride
Aster,Aster agg.
Aster agg.,Aster agg.
Aster tripolium,Aster tripolium
Aster tripolium var. discoideus,Aster tripolium
Asteraceae,Asteraceae
Astragalus danicus,Astragalus danicus
Astragalus glycyphyllos,Astragalus glycyphyllos
Astragalus hamosus,Astragalus hamosus
Athyrium filix-femina,Athyrium filix-femina
Atriplex,Atriplex sp.
Atriplex glabriuscula,Atriplex sp.
Atriplex glabriuscula x longipes = A. x taschereaui,Atriplex sp.
Atriplex laciniata,Atriplex sp.
Atriplex littoralis,Atriplex sp.
Atriplex patula,Atriplex sp.
Atriplex portulacoides,Atriplex portulacoides
Atriplex prostrata,Atriplex sp.
Atropa belladonna,Atropa belladonna
Avena fatua,Avena fatua
Avena sativa,Avena sativa
Azolla filiculoides,Azolla filiculoides
Ballota nigra,Ballota nigra
Barbarea intermedia,Barbarea intermedia
Barbarea vulgaris,Barbarea vulgaris
Bellis perennis,Bellis perennis
Berula erecta,Berula erecta
Beta vulgaris,Beta vulgaris
Beta vulgaris subsp. maritima,Beta vulgaris
Betula,Betula pubescens/pendula
Betula albosinensis,Betula albosinensis
Betula pendula,Betula pubescens/pendula
Betula pubescens,Betula pubescens/pendula
Betula pubescens/pendula,Betula pubescens/pendula
Bidens cernua,Bidens cernua
Bidens tripartita,Bidens tripartita
Blackstonia perfoliata,Blackstonia perfoliata
Blechnum,Blechnum spicant
Blechnum spicant,Blechnum spicant
Blysmus rufus,Blysmus rufus
Bolboschoenus maritimus,Bolboschoenus maritimus
Botrychium lunaria,Botrychium lunaria
Brachypodium,Brachypodium
Brachypodium pinnatum,Brachypodium pinnatum s.l.
Brachypodium pinnatum s.l.,Brachypodium pinnatum s.l.
Brachypodium rupestre,Brachypodium pinnatum s.l.
Brachypodium sylvaticum,Brachypodium sylvaticum
Brassica,Brassica
Brassica napus,Brassica napus
Brassica napus subsp. oleifera,Brassica napus subsp. oleifera
Brassica nigra,Brassica nigra
Brassica oleracea,Brassica oleracea
Brassica oleracea var. oleracea,Brassica oleracea var. oleracea
Brassica rapa,Brassica rapa
Briza media,Briza media
Bromopsis,Bromopsis
Bromopsis erecta,Bromopsis erecta
Bromopsis ramosa,Bromopsis ramosa
Bromus,Bromus
Bromus commutatus,Bromus commutatus
Bromus commutatus x racemosus,Bromus commutatus
Bromus diandrus,Bromus diandrus
Bromus hordeaceus,Bromus hordeaceus
Bromus hordeaceus subsp. hordeaceus,Bromus hordeaceus
Bromus hordeaceus x lepidus = B. x pseudothominei,Bromus hordeaceus
Bromus lepidus,Bromus hordeaceus
Bromus racemosus,Bromus racemosus
Bromus sterilis,Bromus sterilis
Bryonia,Bryonia dioica
Bryonia dioica,Bryonia dioica
Buddleja,Buddleja davidii
Buddleja davidii,Buddleja davidii
Butomus umbellatus,Butomus umbellatus
Buxus sempervirens,Buxus sempervirens
Cakile maritima,Cakile maritima
Calamagrostis epigejos,Calamagrostis epigejos
Callitriche,Callitriche
Callitriche aggregate,Callitriche aggregate
Callitriche hamulata,Callitriche hamulata
Callitriche platycarpa,Callitriche platycarpa
Callitriche stagnalis,Callitriche stagnalis
Calluna vulgaris,Calluna vulgaris
Caltha palustris,Caltha palustris
Calystegia,Calystegia
Calystegia sepium,Calystegia sepium
Calystegia sepium sens.lat.,Calystegia sepium
Calystegia silvatica,Calystegia silvatica
Calystegia silvatica var. quinquepartita,Calystegia silvatica
Calystegia soldanella,Calystegia soldanella
Campanula glomerata,Campanula glomerata
Campanula latifolia,Campanula latifolia
Campanula rotundifolia,Campanula rotundifolia
Campanula trachelium,Campanula trachelium
Capsella bursa-pastoris,Capsella bursa-pastoris
Cardamine,Cardamine
Cardamine amara,Cardamine amara
Cardamine flexuosa,Cardamine flexuosa
Cardamine hirsuta,Cardamine hirsuta
Cardamine pratensis,Cardamine pratensis
Cardamine pratensis x flexuosa = C. x fringsii,Cardamine pratensis
Cardamine trifolia,Cardamine pratensis
Carduus crispus,Carduus crispus
Carduus macrocephalus,Carduus macrocephalus
Carduus nutans,Carduus nutans
Carduus tenuiflorus,Carduus tenuiflorus
Carex,Carex
Carex acuta,Carex acuta
Carex acutiformis,Carex acutiformis
Carex aquatilis,Carex aquatilis
Carex arenaria,Carex arenaria
Carex bigelowii,Carex bigelowii
Carex binervis,Carex binervis
Carex canescens,Carex canescens
Carex caryophyllea,Carex caryophyllea
Carex chordorrhiza,Carex chordorrhiza
Carex demissa x C. hostiana,Carex demissa x C. hostiana
Carex diandra,Carex diandra
Carex dioica,Carex dioica
Carex distans,Carex distans
Carex disticha,Carex disticha
Carex divulsa subsp. divulsa,Carex divulsa subsp. divulsa
Carex echinata,Carex echinata
Carex elata,Carex elata
Carex elongata,Carex elongata
Carex extensa,Carex extensa
Carex flacca,Carex flacca
Carex flava agg.,Carex flava agg.
Carex hirta,Carex hirta
Carex hostiana,Carex hostiana
Carex laevigata,Carex laevigata
Carex lasiocarpa,Carex lasiocarpa
Carex leporina,Carex leporina
Carex limosa,Carex limosa
Carex nigra,Carex nigra
Carex nigra type (C.acuta or aquatilis or hibernica),Carex nigra
Carex otrubae,Carex otrubae
Carex pallescens,Carex pallescens
Carex panicea,Carex panicea
Carex paniculata,Carex paniculata
Carex pendula,Carex pendula
Carex pilulifera,Carex pilulifera
Carex pseudocyperus,Carex pseudocyperus
Carex pulicaris,Carex pulicaris
Carex remota,Carex remota
Carex riparia,Carex riparia
Carex rostrata,Carex rostrata
Carex strigosa,Carex strigosa
Carex sylvatica,Carex sylvatica
Carex viridula,Carex viridula
Carex viridula subsp. brachyrrhyncha,Carex viridula subsp. brachyrrhyncha
Carex viridula subsp. oedocarpa,Carex viridula subsp. oedocarpa
Carex viridula subsp. viridula,Carex viridula subsp. viridula
Carlina vulgaris,Carlina vulgaris
Carpinus betulus,Carpinus betulus
Carum carvi,Carum carvi
Castanea,Castanea
Castanea sativa,Castanea sativa
Catapodium marinum,Catapodium marinum
Catapodium rigidum,Catapodium rigidum
Celosia argentea,Celosia argentea
Centaurea,Centaurea nigra
Centaurea cyanus,Centaurea cyanus
Centaurea debeauxii,Centaurea nigra
Centaurea debeauxii subsp. nemoralis,Centaurea nigra
Centaurea jacea,Centaurea jacea
Centaurea nicaeensis,Centaurea nigra
Centaurea nigra,Centaurea nigra
Centaurea nigra subsp. nigra,Centaurea nigra
Centaurea nigra var. nemoralis,Centaurea nigra
Centaurea scabiosa,Centaurea scabiosa
Centaurium,Centaurium erythraea
Centaurium erythraea,Centaurium erythraea
Centaurium littorale,Centaurium littorale
Centranthus ruber,Centranthus ruber
Cephalanthera damasonium,Cephalanthera damasonium
Cerastium,Cerastium
Cerastium arvense,Cerastium arvense
Cerastium brachypetalum,Cerastium brachypetalum
Cerastium diffusum,Cerastium diffusum
Cerastium fontanum,Cerastium fontanum
Cerastium fontanum subsp. holosteoides,Cerastium fontanum
Cerastium fontanum subsp. vulgare,Cerastium fontanum
Cerastium glomeratum,Cerastium glomeratum
Cerastium semidecandrum,Cerastium semidecandrum
Ceratocapnos,Ceratocapnos claviculata
Ceratocapnos claviculata,Ceratocapnos claviculata
Ceratochloa cathartica,Ceratochloa cathartica
Ceterach officinarum,Ceterach officinarum
Chaenorhinum minus,Chaenorhinum minus
Chaerophyllum hirsutum,Chaerophyllum temulum
Chaerophyllum temulum,Chaerophyllum temulum
Chamaecyparis lawsoniana,Chamaecyparis lawsoniana
Chamerion,Chamerion angustifolium
Chamerion angustifolium,Chamerion angustifolium
Chara,Chara
Chelidonium majus,Chelidonium majus
Chenopodium,Chelidonium majus
Chenopodium album,Chenopodium album
Chenopodium album agg.,Chenopodium album
Chenopodium ficifolium,Chenopodium ficifolium
Chenopodium polyspermum,Chenopodium polyspermum
Chenopodium quinoa,Chenopodium quinoa
Chenopodium rubrum,Chenopodium rubrum
Chrysosplenium,Chrysosplenium
Chrysosplenium alternifolium,Chrysosplenium alternifolium
Chrysosplenium oppositifolium,Chrysosplenium oppositifolium
Cicuta virosa,Cicuta virosa
Circaea lutetiana,Circaea lutetiana
Cirsium,Cirsium
Cirsium acaule,Cirsium acaule
Cirsium acaule x arvense = C. x boulayi,Cirsium arvense
Cirsium arvense,Cirsium arvense
Cirsium arvense var. arvense,Cirsium arvense
Cirsium arvense var. incanum,Cirsium arvense
Cirsium dissectum,Cirsium dissectum
Cirsium eriophorum,Cirsium eriophorum
Cirsium heterophyllum,Cirsium heterophyllum
Cirsium palustre,Cirsium palustre
Cirsium vulgare,Cirsium vulgare
Cirsium vulgare x acaule = C. x sabaudum,Cirsium vulgare
Cistus laurifolius,Cistus laurifolius
Cladium mariscus,Cladium mariscus
Claytonia perfoliata,Claytonia perfoliata
Claytonia sibirica,Claytonia sibirica
Clematis,Clematis vitalba
Clematis vitalba,Clematis vitalba
Clinopodium acinos,Clinopodium acinos
Clinopodium ascendens,Clinopodium ascendens
Clinopodium vulgare,Clinopodium vulgare
Cochlearia,Cochlearia sp.
Cochlearia anglica,Cochlearia sp.
Cochlearia danica,Cochlearia sp.
Cochlearia officinalis,Cochlearia sp.
Cochlearia officinalis sens.lat.,Cochlearia sp.
Cochlearia officinalis subsp. officinalis,Cochlearia sp.
Cochlearia officinalis subsp. scotica,Cochlearia sp.
Conifer seedlings/saplings,Conifer seedlings/saplings
Conium maculatum,Conium maculatum
Conopodium majus,Conopodium majus
Convolvulus,Convolvulus arvensis
Convolvulus arvensis,Convolvulus arvensis
Convolvulus arvensis var. arvensis,Convolvulus arvensis
Convolvulus arvensis var. stonestreetii,Convolvulus arvensis
Conyza,Conyza
Conyza canadensis,Conyza canadensis
Conyza sumatrensis,Conyza sumatrensis
Cornus,Cornus sanguinea
Cornus sanguinea,Cornus sanguinea
Corydalis,Corydalis
Corylus,Corylus avellana
Corylus avellana,Corylus avellana
Corylus maxima,Corylus maxima
Cotoneaster,Cotoneaster
Cotoneaster microphyllus,Cotoneaster
Cotoneaster simonsii,Cotoneaster
Crambe maritima,Crambe maritima
Crassula helmsii,Crassula helmsii
Crassula tillaea,Crassula tillaea
Crataegus,Crataegus monogyna
Crataegus laevigata,Crataegus laevigata
Crataegus monogyna,Crataegus monogyna
Crataegus monogyna x heterophylla,Crataegus monogyna
Crepis,Crepis capillaris
Crepis biennis,Crepis biennis
Crepis capillaris,Crepis capillaris
Crepis foetida,Crepis capillaris
Crepis paludosa,Crepis paludosa
Crepis vesicaria,Crepis vesicaria
Crithmum maritimum,Crithmum maritimum
Crocosmia,Crocosmia
Cruciata,Cruciata laevipes
Cruciata articulata,Cruciata laevipes
Cruciata laevipes,Cruciata laevipes
Cryptogramma crispa,Cryptogramma crispa
Cuscuta epithymum,Cuscuta epithymum
Cymbalaria muralis,Cymbalaria muralis
Cynoglossum officinale,Cynoglossum officinale
Cynosurus,Cynosurus cristatus
Cynosurus cristatus,Cynosurus cristatus
Cystopteris fragilis,Cystopteris fragilis
Cytisus scoparius,Cytisus scoparius
Dactylis glomerata,Dactylis glomerata
Dactylis glomerata subsp. glomerata,Dactylis glomerata
Dactylorhiza,Dactylorhiza fuchsii
Dactylorhiza fuchsii,Dactylorhiza fuchsii
Dactylorhiza incarnata,Dactylorhiza incarnata
Dactylorhiza incarnata subsp. coccinea,Dactylorhiza incarnata
Dactylorhiza maculata,Dactylorhiza maculata
Dactylorhiza maculata subsp. ericetorum,Dactylorhiza maculata
Dactylorhiza praetermissa,Dactylorhiza praetermissa
Dactylorhiza purpurella,Dactylorhiza purpurella
Dactylorhiza purpurella subsp. cambrensis,Dactylorhiza purpurella
Danthonia decumbens,Danthonia decumbens
Daphne laureola,Daphne laureola
Daucus carota,Daucus carota
Daucus carota subsp. carota,Daucus carota
Daucus carota subsp. gummifer,Daucus carota
Deschampsia,Deschampsia
Deschampsia cespitosa,Deschampsia cespitosa
Deschampsia cespitosa subsp. cespitosa,Deschampsia cespitosa
Deschampsia flexuosa,Deschampsia flexuosa
Digitalis,Digitalis purpurea
Digitalis purpurea,Digitalis purpurea
Dioscorea communis,Dioscorea communis
Diphasiastrum alpinum,Diphasiastrum alpinum
Diplotaxis tenuifolia,Diplotaxis tenuifolia
Dipsacus fullonum,Dipsacus fullonum
Dipsacus fullonum sensu lato,Dipsacus fullonum
Draba,Draba
Draba incana,Draba incana
Draba muralis,Draba muralis
Drosera anglica,Drosera anglica
Drosera binata,Drosera rotundifolia
Drosera intermedia,Drosera intermedia
Drosera rotundifolia,Drosera rotundifolia
Dryopteridaceae,Dryopteridaceae
Dryopteris,Dryopteris
Dryopteris affinis,Dryopteris affinis
Dryopteris affinis s.l.,Dryopteris affinis s.l.
Dryopteris affinis subsp. affinis,Dryopteris affinis subsp. affinis
Dryopteris borreri,Dryopteris borreri
Dryopteris borreri x felix-mas,Dryopteris borreri x felix-mas
Dryopteris carthusiana,Dryopteris carthusiana
Dryopteris dilatata,Dryopteris dilatata
Dryopteris filix-mas,Dryopteris filix-mas
Dryopteris filix-mas agg.,Dryopteris filix-mas agg.
Dryopteris remota,Dryopteris remota
Echinochloa crus-galli,Echinochloa crus-galli
Echinops bannaticus,Echinops bannaticus
Echium vulgare,Echium vulgare
Eleocharis multicaulis,Eleocharis multicaulis
Eleocharis palustris,Eleocharis palustris
Eleocharis palustris x uniglumis,Eleocharis palustris
Eleocharis quinqueflora,Eleocharis quinqueflora
Eleogiton fluitans,Eleogiton fluitans
Elodea,Elodea canadensis/nutallii
Elodea canadensis,Elodea canadensis/nutallii
Elodea canadensis/nutallii,Elodea canadensis/nutallii
Elodea nuttallii,Elodea canadensis/nutallii
Elymus,Elymus
Elymus caninus,Elymus caninus
Elytrigia,Elytrigia
Elytrigia atherica,Elytrigia atherica
Elytrigia campestris subsp. maritima,Elytrigia campestris subsp. maritima
Elytrigia juncea,Elytrigia juncea
Elytrigia juncea subsp. boreoatlantica,Elytrigia juncea
Elytrigia repens,Elytrigia repens
Elytrigia repens subsp. repens,Elytrigia repens
Elytrigia repens x atherica = E. x drucei,Elytrigia atherica
Empetrum nigrum,Empetrum nigrum
Empetrum nigrum subsp. nigrum,Empetrum nigrum
Epilobium,Epilobium
Epilobium anagallidifolium,Epilobium anagallidifolium
Epilobium brunnescens,Epilobium brunnescens
Epilobium ciliatum,Epilobium ciliatum
Epilobium hirsutum,Epilobium hirsutum
Epilobium hirsutum x obscurum,Epilobium hirsutum
Epilobium lanceolatum,Epilobium lanceolatum
Epilobium montanum,Epilobium montanum
Epilobium montanum x obscurum = E. x aggregatum,Epilobium montanum
Epilobium obscurum,Epilobium obscurum
Epilobium palustre,Epilobium palustre
Epilobium parviflorum,Epilobium parviflorum
Epilobium tetragonum,Epilobium tetragonum
Epipactis helleborine,Epipactis helleborine
Epipactis palustris,Epipactis palustris
Equisetaceae,Equisetaceae
Equisetum,Equisetum arvense
Equisetum arvense,Equisetum arvense
Equisetum fluviatile,Equisetum fluviatile
Equisetum hyemale x variegatum = E. x trachyodon,Equisetum hyemale x variegatum = E. x trachyodon
Equisetum palustre,Equisetum palustre
Equisetum pratense,Equisetum arvense
Equisetum sylvaticum,Equisetum sylvaticum
Equisetum telmateia,Equisetum telmateia
Equisetum variegatum,Equisetum variegatum
Erica carnea,Erica carnea
Erica ciliaris,Erica ciliaris
Erica ciliaris x tetralix = E. x watsonii,Erica ciliaris x tetralix = E. x watsonii
Erica cinerea,Erica cinerea
Erica tetralix,Erica tetralix
Erigeron acris,Erigeron acris
Erinus alpinus,Erinus alpinus
Eriophorum,Eriophorum
Eriophorum angustifolium,Eriophorum angustifolium
Eriophorum vaginatum,Eriophorum vaginatum
Erodium,Erodium cicutarium agg.
Erodium cicutarium,Erodium cicutarium agg.
Erodium cicutarium agg.,Erodium cicutarium agg.
Erodium cicutarium x lebelii = E. x anaristatum,Erodium cicutarium agg.
Erodium maritimum,Erodium maritimum
Erodium moschatum,Erodium maritimum
Erophila glabrescens,Eriophila verna agg.
Erophila verna,Eriophila verna agg.
Eryngium maritimum,Eryngium maritimum
Erysimum cheiranthoides,Erysimum cheiranthoides
Erythronium dens-canis,Viola riviniana
Eschscholzia californica,Eschscholzia californica
Euonymus europaeus,Euonymus europaeus
Eupatorium cannabinum,Eupatorium cannabinum
Euphorbia,Euphorbia
Euphorbia amygdaloides,Euphorbia amygdaloides
Euphorbia amygdaloides subsp. amygdaloides,Euphorbia amygdaloides
Euphorbia exigua,Euphorbia exigua
Euphorbia helioscopia,Euphorbia helioscopia
Euphorbia lathyris,Euphorbia lathyris
Euphorbia paralias,Euphorbia paralias
Euphorbia peplus,Euphorbia peplus
Euphorbia platyphyllos,Euphorbia platyphyllos
Euphorbia portlandica,Euphorbia portlandica
Euphrasia,Euphrasia officinalis agg.
Euphrasia arctica,Euphrasia officinalis agg.
Euphrasia micrantha,Euphrasia officinalis agg.
Euphrasia nemorosa,Euphrasia officinalis agg.
Euphrasia officinalis,Euphrasia officinalis agg.
Euphrasia officinalis agg.,Euphrasia officinalis agg.
Fagopyrum esculentum,Fagopyrum esculentum
Fagus,Fagus sylvatica
Fagus sylvatica,Fagus sylvatica
Fagus sylvatica 'Pendula',Fagus sylvatica
Fallopia convolvulus,Fallopia convolvulus
Fallopia japonica,Fallopia japonica
Festuca,Festuca
Festuca arenaria,Festuca arenaria
Festuca arenaria subsp. arenaria,Festuca arenaria
Festuca arundinacea,Festuca arundinacea
Festuca filiformis,Festuca filiformis
Festuca gigantea,Festuca gigantea
Festuca ovina,Festuca ovina agg.
Festuca ovina agg.,Festuca ovina agg.
Festuca pratensis,Festuca pratensis
Festuca pratensis x Lolium perenne = X Festulolium loliaceum,Festuca pratensis x Lolium perenne = X Festulolium loliaceum
Festuca rubra,Festuca rubra agg.
Festuca rubra agg.,Festuca rubra agg.
Festuca rubra subsp. commutata,Festuca rubra agg.
Festuca rubra subsp. juncea,Festuca rubra agg.
Festuca rubra subsp. rubra,Festuca rubra agg.
Festuca vivipara,Festuca vivipara
Filago arvensis,Filago vulgaris
Filago minima,Filago minima
Filago vulgaris,Filago vulgaris
Filipendula,Filipendula ulmaria
Filipendula ulmaria,Filipendula ulmaria
Filipendula vulgaris,Filipendula vulgaris
Filipendula x purpurea,Filipendula ulmaria
Foeniculum vulgare,Foeniculum vulgare
Fragaria,Fragaria vesca
Fragaria ananassa,Fragaria ananassa
Fragaria vesca,Fragaria vesca
Frangula alnus,Frangula alnus
Fraxinus excelsior,Fraxinus excelsior
Fraxinus excelsior 'Diversifolia',Fraxinus excelsior
Fritillaria meleagris,Fritillaria meleagris
Fumaria,Fumaria officinalis
Fumaria muralis,Fumaria muralis
Fumaria officinalis,Fumaria officinalis
Galanthus nivalis,Galanthus nivalis
Galega officinalis,Galega officinalis
Galeopsis bifida,Galeopsis tetrahit agg. sensu lato
Galeopsis tetrahit,Galeopsis tetrahit agg. sensu lato
Galeopsis tetrahit agg. sensu lato,Galeopsis tetrahit agg. sensu lato
Galeopsis tetrahit x bifida = G. x ludwigii,Galeopsis tetrahit agg. sensu lato
Galinsoga parviflora,Galinsoga parviflora
Galinsoga quadriradiata,Galinsoga quadriradiata
Galium,Galium
Galium aparine,Galium aparine
Galium boreale,Galium boreale
Galium constrictum,Galium constrictum
Galium mollugo,Galium mollugo
Galium mollugo subsp. erectum,Galium mollugo
Galium odoratum,Galium odoratum
Galium palustre,Galium palustre
Galium palustre subsp. elongatum,Galium palustre
Galium palustre subsp. palustre,Galium palustre
Galium pumilum,Galium pumilum
Galium saxatile,Galium saxatile
Galium sterneri,Galium sterneri
Galium sterneri x saxatile,Galium sterneri
Galium uliginosum,Galium uliginosum
Galium verum,Galium verum
Galium verum var. maritimum,Galium verum
Galium verum var. verum,Galium verum
Gaudinia fragilis,Gaudinia fragilis
Genista anglica,Genista anglica
Gentianella amarella,Gentianella amarella
Gentianella campestris,Gentianella campestris
Geraniaceae,Geraniaceae
Geranium,Geranium
Geranium columbinum,Geranium columbinum
Geranium dissectum,Geranium dissectum
Geranium lucidum,Geranium lucidum
Geranium molle,Geranium molle
Geranium pratense,Geranium pratense
Geranium pusillum,Geranium pusillum
Geranium pyrenaicum,Geranium pyrenaicum
Geranium robertianum,Geranium robertianum
Geranium robertianum x purpureum,Geranium robertianum
Geranium rotundifolium,Geranium rotundifolium
Geranium sanguineum,Geranium sanguineum
Geranium sylvaticum,Geranium sylvaticum
Geum,Geum
Geum rivale,Geum rivale
Geum urbanum,Geum urbanum
Glaucium flavum,Glaucium flavum
Glaux maritima,Glaux maritima
Glebionis segetum,Glebionis segetum
Glechoma,Glechoma hederacea
Glechoma hederacea,Glechoma hederacea
Glyceria,Glyceria
Glyceria declinata,Glyceria declinata
Glyceria fluitans,Glyceria fluitans
Glyceria maxima,Glyceria maxima
Glyceria notata,Glyceria notata
Gnaphalium uliginosum,Gnaphalium uliginosum
Gnaphalium undulatum,Gnaphalium undulatum
Goodyera repens,Goodyera repens
Gymnadenia conopsea,Gymnadenia conopsea
Gymnocarpium dryopteris,Gymnocarpium dryopteris
Gymnocarpium robertianum,Gymnocarpium robertianum
Hedera,Hedera helix
Hedera helix,Hedera helix
Hedera helix s.l.,Hedera helix
Hedera helix subsp. helix,Hedera helix
Hedera hibernica,Hedera hibernica
Helenium autumnale,Helenium autumnale
Helianthemum,Helianthemum nummularium
Helianthemum nummularium,Helianthemum nummularium
Helianthemum oelandicum,Helianthemum oelandicum
Helictotrichon,Helictotrichon
Helictotrichon pratense,Helictotrichon pratense
Helictotrichon pubescens,Helictotrichon pubescens
Heracleum,Heracleum sphondylium
Heracleum mantegazzianum,Heracleum mantegazzianum
Heracleum sphondylium,Heracleum sphondylium
Heracleum sphondylium subsp. flavescens,Heracleum sphondylium
Heracleum sphondylium subsp. sphondylium,Heracleum sphondylium
Hesperis matronalis,Hesperis matronalis
Hieracium,Hieracium agg.
Hieracium agg.,Hieracium agg.
Hieracium fulvocaesium,Hieracium agg.
Hieracium hypochaeroides,Hieracium agg.
Hieracium murorum agg.,Hieracium agg.
Hieracium pilosum,Hieracium agg.
Hieracium sect. Hieracioides,Hieracium agg.
Hieracium sparsifolium,Hieracium agg.
Hieracium umbellatum,Hieracium agg.
Hieracium vulgatum auct. Angl.,Hieracium agg.
Hippocrepis comosa,Hippocrepis comosa
Hippophae rhamnoides,Hippophae rhamnoides
Hippuris vulgaris,Hippuris vulgaris
Hirschfeldia incana,Hirschfeldia incana
Holcus,Holcus
Holcus lanatus,Holcus lanatus
Holcus lanatus x mollis = H. x hybridus,Holcus lanatus
Holcus mollis,Holcus mollis
Honckenya peploides,Honckenya peploides
Hordelymus europaeus,Hordelymus europaeus
Hordeum,Hordeum
Hordeum distichon,Hordeum distichon
Hordeum marinum,Hordeum marinum
Hordeum murinum,Hordeum murinum
Hordeum murinum subsp. glaucum,Hordeum murinum
Hordeum secalinum,Hordeum secalinum
Hordeum vulgare,Hordeum vulgare
Hottonia palustris,Hottonia palustris
Humulus lupulus,Humulus lupulus
Huperzia selago,Huperzia selago
Hyacinthoides,Hyacinthoides non-scripta
Hyacinthoides hispanica,Hyacinthoides hispanica
Hyacinthoides non-scripta,Hyacinthoides non-scripta
Hyacinthoides non-scripta x hispanica = H. x massartiana,Hyacinthoides non-scripta x hispanica = H. x massartiana
Hydrangea,Hydrangea
Hydrangea macrophylla,Hydrangea
Hydrocharis morsus-ranae,Hydrocharis morsus-ranae
Hydrocotyle,Hydrocotyle vulgaris
Hydrocotyle vulgaris,Hydrocotyle vulgaris
Hypericum,Hypericum
Hypericum androsaemum,Hypericum androsaemum
Hypericum androsaemum x hircinum = H. x inodorum,Hypericum androsaemum x hircinum = H. x inodorum
Hypericum elodes,Hypericum elodes
Hypericum hirsutum,Hypericum hirsutum
Hypericum humifusum,Hypericum humifusum
Hypericum maculatum,Hypericum maculatum
Hypericum perforatum,Hypericum perforatum
Hypericum pulchrum,Hypericum pulchrum
Hypericum tetrapterum,Hypericum tetrapterum
Hypochaeris,Hypochaeris
Hypochaeris glabra,Hypochaeris glabra
Hypochaeris radicata,Hypochaeris radicata
Hypochaeris radicata subsp. radicata,Hypochaeris radicata
Hyssopus officinalis,Hyssopus officinalis
Ilex,Ilex aquifolium
Ilex aquifolium,Ilex aquifolium
Impatiens,Impatiens
Impatiens capensis,Impatiens capensis
Impatiens glandulifera,Impatiens glandulifera
Impatiens noli-tangere,Impatiens noli-tangere
Inula conyzae,Inula conyzae
Iris,Iris
Iris foetidissima,Iris foetidissima
Iris foetidissima var. foetidissima,Iris foetidissima
Iris pseudacorus,Iris pseudacorus
Isolepis setacea,Isolepis setacea
Iva,Hedera helix
Jasione montana,Jasione montana
Juglans regia,Juglans regia
Juncaceae,Juncaceae
Juncus,Juncus
Juncus acutiflorus,Juncus acutiflorus/articulatus
Juncus acutiflorus/articulatus,Juncus acutiflorus/articulatus
Juncus acutus,Juncus acutus
Juncus articulatus,Juncus acutiflorus/articulatus
Juncus articulatus x acutiflorus = J. x surrejanus,Juncus acutiflorus/articulatus
Juncus bufonius,Juncus bufonius
Juncus bufonius agg. sensu lato,Juncus bufonius
Juncus bulbosus,Juncus bulbosus
Juncus bulbosus subsp. bulbosus,Juncus bulbosus
Juncus conglomeratus,Juncus inflexus/effusus/conglomeratus
Juncus conglomeratus var. subuliflorus,Juncus inflexus/effusus/conglomeratus
Juncus effusus,Juncus inflexus/effusus/conglomeratus
Juncus gerardii,Juncus gerardii
Juncus inflexus,Juncus inflexus/effusus/conglomeratus
Juncus inflexus/effusus/conglomeratus,Juncus inflexus/effusus/conglomeratus
Juncus maritimus,Juncus maritimus
Juncus pallidus,Juncus inflexus/effusus/conglomeratus
Juncus squarrosus,Juncus squarrosus
Juncus subnodulosus,Juncus subnodulosus
Juncus tenuis,Juncus tenuis
Juniperus,Juniperus communis
Juniperus communis,Juniperus communis
Kickxia elatine,Kickxia elatine
Kickxia spuria,Kickxia spuria
Knautia arvensis,Knautia arvensis
Knautia dipsacifolia,Knautia arvensis
Koeleria macrantha,Koeleria macrantha
Koeleria macrantha sens.lat.,Koeleria macrantha
Koeleria vallesiana,Koeleria vallesiana
Lactuca serriola,Lactuca serriola
Lactuca virosa,Lactuca virosa
Lagurus ovatus,Lagurus ovatus
Lamiastrum galeobdolon subsp. galeobdolon,Lamiastrum galeobdolon
Lamium,Lamium
Lamium album,Lamium album
Lamium amplexicaule,Lamium amplexicaule
Lamium galeobdolon,Lamiastrum galeobdolon
Lamium galeobdolon subsp. montanum,Lamiastrum galeobdolon
Lamium hybridum,Lamium hybridum
Lamium maculatum,Lamium maculatum
Lamium purpureum,Lamium purpureum
Lapsana communis,Lapsana communis
Lapsana communis subsp. communis,Lapsana communis
Larix,Larix
Larix decidua,Larix decidua
Lathyrus,Lathyrus
Lathyrus latifolius,Lathyrus latifolius
Lathyrus linifolius,Lathyrus linifolius
Lathyrus nissolia,Lathyrus nissolia
Lathyrus pratensis,Lathyrus pratensis
Lathyrus sylvestris,Lathyrus sylvestris
Laurus nobilis,Laurus nobilis
Legousia hybrida,Legousia hybrida
Lemna,Lemna
Lemna gibba,Lemna gibba
Lemna minor,Lemna minor
Lemna minuta,Lemna minuta
Lemna trisulca,Lemna trisulca
Leontodon,Leontodon
Leontodon hispidus,Leontodon hispidus
Leontodon hispidus x saxatilis,Leontodon hispidus
Leontodon saxatilis,Leontodon saxatilis
Leonurus cardiaca,Leonurus cardiaca
Lepidium coronopus,Lepidium coronopus
Lepidium didymum,Lepidium didymum
Lepidium draba,Lepidium draba
Lepidium heterophyllum,Lepidium heterophyllum
Lepidium latifolium,Lepidium latifolium
Leucanthemum vulgare,Leucanthemum vulgare
Leycesteria,Leycesteria
Leymus arenarius,Leymus arenarius
Ligusticum scoticum,Ligusticum scoticum
Ligustrum,Ligustrum vulgare
Ligustrum ovalifolium,Ligustrum ovalifolium
Ligustrum vulgare,Ligustrum vulgare
Limonium,Limonium sp.
Limonium binervosum,Limonium sp.
Limonium humile,Limonium sp.
Limonium platyphyllum,Limonium sp.
Limonium vulgare,Limonium sp.
Linaria,Linaria
Linaria purpurea,Linaria purpurea
Linaria vulgaris,Linaria vulgaris
Linum bienne,Linum bienne
Linum catharticum,Linum catharticum
Linum usitatissimum,Linum usitatissimum
Littorella,Littorella uniflora
Littorella uniflora,Littorella uniflora
Lobelia dortmanna,Lobelia dortmanna
Lolium,Lolium
Lolium multiflorum,Lolium multiflorum
Lolium perenne,Lolium perenne
Lonicera,Lonicera periclymenum
Lonicera nitida,Lonicera nitida
Lonicera periclymenum,Lonicera periclymenum
Lotus,Lotus corniculatus
Lotus angustissimus,Lotus angustissimus
Lotus corniculatus,Lotus corniculatus
Lotus corniculatus var. corniculatus,Lotus corniculatus
Lotus pedunculatus,Lotus pedunculatus
Lotus subbiflorus,Lotus subbiflorus
Lupinus arboreus,Lupinus arboreus
Luzula,Luzula
Luzula campestris,Luzula campestris
Luzula forsteri,Luzula forsteri
Luzula multiflora,Luzula multiflora
Luzula multiflora subsp. congesta,Luzula multiflora
Luzula multiflora subsp. multiflora,Luzula multiflora
Luzula pilosa,Luzula pilosa
Luzula sylvatica,Luzula sylvatica
Lycopersicon esculentum,Lycopersicon esculentum
Lycopodium clavatum,Lycopodium clavatum
Lycopus europaeus,Lycopus europaeus
Lysimachia,Lysimachia
Lysimachia nemorum,Lysimachia nemorum
Lysimachia nummularia,Lysimachia nummularia
Lysimachia vulgaris,Lysimachia vulgaris
Lythrum portula,Lythrum portula
Lythrum salicaria,Lythrum salicaria
Malus,Malus
Malus pumila,Malus pumila
Malus sylvestris,Malus sylvestris sens.lat.
Malus sylvestris sens.lat.,Malus sylvestris sens.lat.
Malva,Malva
Malva arborea,Malva arborea
Malva moschata,Malva moschata
Malva neglecta,Malva neglecta
Malva sylvestris,Malva sylvestris
Matricaria,Matricaria
Matricaria chamomilla,Matricaria recutita
Matricaria discoidea,Matricaria discoidea
Matricaria recutita,Matricaria recutita
Meconopsis cambrica,Meconopsis cambrica
Medicago,Medicago
Medicago arabica,Medicago arabica
Medicago lupulina,Medicago lupulina
Medicago polymorpha,Medicago
Medicago sativa,Medicago sativa
Medicago sativa subsp. sativa,Medicago sativa
Melampyrum arvense,Melampyrum arvense
Melampyrum pratense,Melampyrum pratense
Melica nutans,Melica nutans
Melica uniflora,Melica uniflora
Melilotus albus,Melilotus albus
Melilotus altissimus,Melilotus altissimus
Melilotus officinalis,Melilotus officinalis
Melittis melissophyllum,Melittis melissophyllum
Mentha,Mentha
Mentha aquatica,Mentha aquatica
Mentha aquatica x spicata = M. x piperita,Mentha aquatica x spicata = M. x piperita
Mentha arvensis,Mentha arvensis
Menyanthes trifoliata,Menyanthes trifoliata
Mercurialis annua,Mercurialis annua
Mercurialis perennis,Mercurialis perennis
Milium effusum,Milium effusum
Minuartia verna,Minuartia verna
Moehringia trinervia,Moehringia trinervia
Moenchia erecta,Moenchia erecta
Molinia,Molinia caerulea
Molinia caerulea,Molinia caerulea
Molinia caerulea subsp. caerulea,Molinia caerulea
Montia fontana,Montia fontana
Mycelis muralis,Mycelis muralis
Myosotis,Myosotis
Myosotis arvensis,Myosotis arvensis
Myosotis arvensis var. arvensis,Myosotis arvensis
Myosotis arvensis var. sylvestris,Myosotis arvensis
Myosotis discolor,Myosotis discolor
Myosotis laxa,Myosotis laxa subsp. caespitosa
Myosotis laxa subsp. caespitosa,Myosotis laxa subsp. caespitosa
Myosotis ramosissima,Myosotis ramosissima
Myosotis scorpioides,Myosotis scorpioides
Myosotis secunda,Myosotis secunda
Myosotis sylvatica,Myosotis sylvatica
Myosoton aquaticum,Myosoton aquaticum
Myrica gale,Myrica gale
Myriophyllum alterniflorum,Myriophyllum alterniflorum
Myriophyllum aquaticum,Myriophyllum aquaticum
Myriophyllum spicatum,Myriophyllum spicatum
Myriophyllum verticillatum,Myriophyllum verticillatum
Myrrhis odorata,Myrrhis odorata
Narcissus,Narcissus agg.
Narcissus agg.,Narcissus agg.
Narcissus pseudonarcissus,Narcissus pseudonarcissus
Narcissus pseudonarcissus agg.,Narcissus pseudonarcissus
Narcissus pseudonarcissus subsp. pseudonarcissus,Narcissus pseudonarcissus
Nardus,Nardus stricta
Nardus stricta,Nardus stricta
Narthecium ossifragum,Narthecium ossifragum
Neottia cordata,Neottia cordata
Neottia ovata,Neottia ovata
Nothofagus nervosa x obliqua,Nothofagus nervosa x obliqua
Nuphar lutea,Nuphar lutea
Nymphaea alba,Nymphaea alba
Nymphaea alba subsp. alba,Nymphaea alba
Nymphoides peltata,Nymphoides peltata
Odontites vernus,Odontites vernus
Odontites vernus subsp. serotinus,Odontites vernus
Oenanthe,Oenanthe crocata
Oenanthe crocata,Oenanthe crocata
Oenanthe lachenalii,Oenanthe lachenalii
Oenothera,Oenothera
Oenothera stricta,Oenothera stricta
Onobrychis viciifolia,Onobrychis viciifolia
Ononis,Ononis repens
Ononis reclinata,Ononis reclinata
Ononis repens,Ononis repens
Ononis spinosa,Ononis spinosa
Ophioglossum vulgatum,Ophioglossum vulgatum
Ophioglossum vulgatum sens.lat.,Ophioglossum vulgatum
Ophrys apifera,Ophrys apifera
Orchidaceae,Orchidaceae
Orchis mascula,Orchis mascula
Oreopteris limbosperma,Oreopteris limbosperma
Origanum majorana,Origanum vulgare
Origanum vulgare,Origanum vulgare
Ornithogalum pyrenaicum,Ornithogalum pyrenaicum
Ornithopus perpusillus,Ornithopus perpusillus
Orobanche minor,Orobanche minor
Osmunda regalis,Osmunda regalis
Oxalis,Oxalis acetosella
Oxalis acetosella,Oxalis acetosella
Oxalis corniculata,Oxalis corniculata
Oxalis rosea,Oxalis rosea
Oxyria digyna,Oxyria digyna
Pancratium,Pancratium
Papaver,Papaver
Papaver dubium,Papaver dubium
Papaver rhoeas,Papaver rhoeas
Papaver somniferum,Papaver somniferum
Parapholis incurva,Parapholis incurva
Parietaria judaica,Parietaria judaica
Parnassia palustris,Parnassia palustris
Pastinaca sativa,Pastinaca sativa
Paulownia tomentosa,Paulownia tomentosa
Pedicularis palustris,Pedicularis palustris
Pedicularis sylvatica,Pedicularis sylvatica
Pedicularis sylvatica subsp. hibernica,Pedicularis sylvatica
Pentaglottis sempervirens,Pentaglottis sempervirens
Persicaria,Persicaria
Persicaria amphibia,Persicaria amphibia
Persicaria bistorta,Persicaria bistorta
Persicaria capitata,Persicaria capitata
Persicaria hydropiper,Persicaria hydropiper
Persicaria lapathifolia,Persicaria lapathifolia
Persicaria maculosa,Persicaria maculosa
Persicaria mitis,Persicaria mitis
Persicaria vivipara,Persicaria vivipara
Petasites albus,Petasites albus
Petasites hybridus,Petasites hybridus
Petrorhagia nanteuilii,Petrorhagia nanteuilii
Petroselinum crispum,Petroselinum crispum
Petroselinum segetum,Petroselinum segetum
Phacelia tanacetifolia,Phacelia tanacetifolia
Phalaris,Phalaris
Phalaris aquatica,Phalaris aquatica
Phalaris arundinacea,Phalaris arundinacea
Phegopteris connectilis,Phegopteris connectilis
Philadelphus,Philadelphus coronarius
Philadelphus coronarius,Philadelphus coronarius
Phleum,Phleum
Phleum arenarium,Phleum arenarium
Phleum bertolonii,Phleum pratense sens.lat.
Phleum pratense,Phleum pratense sens.lat.
Phleum pratense sens.lat.,Phleum pratense sens.lat.
Phragmites,Phragmites australis
Phragmites australis,Phragmites australis
Phyllitis scolopendrium,Phyllitis scolopendrium
Picea abies,Picea abies
Picea sitchensis,Picea sitchensis
Picris,Picris echioides
Picris echioides,Picris echioides
Picris hieracioides,Picris hieracioides
Pilosella,Pilosella
Pilosella aurantiaca,Pilosella aurantiaca
Pilosella officinarum,Pilosella officinarum
Pimpinella major,Pimpinella major
Pimpinella saxifraga,Pimpinella saxifraga
Pinguicula lusitanica,Pinguicula lusitanica
Pinguicula vulgaris,Pinguicula vulgaris
Pinus contorta,Pinus contorta
Pinus nigra,Pinus nigra
Pinus sylvestris,Pinus sylvestris
Pittosporaceae,Pittosporaceae
Pittosporum crassifolium,Pittosporum crassifolium
Plantago,Plantago
Plantago coronopus,Plantago coronopus
Plantago lanceolata,Plantago lanceolata
Plantago major,Plantago major
Plantago major subsp. major,Plantago major
Plantago maritima,Plantago maritima
Plantago media,Plantago media
Plantago ovata,Plantago major
Platanthera bifolia,Platanthera bifolia
Platanthera chlorantha,Platanthera chlorantha
Poa,Poa
Poa annua,Poa annua
Poa chaixii,Poa chaixii
Poa compressa,Poa compressa
Poa humilis,Poa pratensis sens.lat.
Poa infirma,Poa infirma
Poa nemoralis,Poa nemoralis
Poa pratensis,Poa pratensis sens.lat.
Poa pratensis sens.lat.,Poa pratensis sens.lat.
Poa trivialis,Poa trivialis
Poaceae,Poaceae
Polygala,Polygala
Polygala serpyllifolia,Polygala serpyllifolia/vulgaris
Polygala serpyllifolia/vulgaris,Polygala serpyllifolia/vulgaris
Polygala vulgaris,Polygala serpyllifolia/vulgaris
Polygonatum multiflorum,Polygonatum multiflorum
Polygonum,Polygonum
Polygonum arenastrum,Polygonum aviculare agg. sensu lato
Polygonum aviculare,Polygonum aviculare agg. sensu lato
Polygonum aviculare agg. sensu lato,Polygonum aviculare agg. sensu lato
Polypodium,Polypodium vulgare sens.lat.
Polypodium interjectum,Polypodium vulgare sens.lat.
Polypodium vulgare,Polypodium vulgare sens.lat.
Polypodium vulgare sens.lat.,Polypodium vulgare sens.lat.
Polystichum,Polystichum
Polystichum aculeatum,Polystichum aculeatum
Polystichum setiferum,Polystichum setiferum
Populus,Populus
Populus alba,Populus alba
Populus alba x tremula = P. x canescens,Populus alba x tremula = P. x canescens
Populus canescens,Populus canescens
Populus nigra,Populus nigra
Populus nigra x deltoides = P. x canadensis,Populus nigra x deltoides = P. x canadensis
Populus tremula,Populus tremula
Potamogeton,Potamogeton
Potamogeton coloratus,Potamogeton coloratus
Potamogeton crispus,Potamogeton crispus
Potamogeton friesii,Potamogeton friesii
Potamogeton natans,Potamogeton natans
Potamogeton pectinatus,Potamogeton pectinatus
Potamogeton polygonifolius,Potamogeton polygonifolius
Potentilla,Potentilla
Potentilla anglica,Potentilla anglica
Potentilla anglica x reptans = P. x mixta,Potentilla anglica x reptans = P. x mixta
Potentilla anserina,Potentilla anserina
Potentilla erecta,Potentilla erecta
Potentilla erecta subsp. erecta,Potentilla erecta
Potentilla erecta x reptans = P. x italica,Potentilla erecta x reptans = P. x italica
Potentilla palustris,Potentilla palustris
Potentilla recta,Potentilla recta
Potentilla reptans,Potentilla reptans
Potentilla sterilis,Potentilla sterilis
Potentilla tabernaemontani,Potentilla tabernaemontani
Potentilla x,Potentilla x
Poterium sanguisorba,Sanguisorba minor
Poterium sanguisorba subsp. sanguisorba,Sanguisorba minor
Primula,Primula
Primula farinosa,Primula farinosa
Primula veris,Primula veris
Primula veris x vulgaris = P. x polyantha,Primula veris x vulgaris = P. x polyantha
Primula vulgaris,Primula vulgaris
Prunella vulgaris,Prunella vulgaris
Prunella vulgaris x laciniata = P. x intermedia,Prunella vulgaris
Prunus,Prunus
Prunus avium,Prunus avium
Prunus cerasifera,Prunus cerasifera
Prunus cerasifera var. pissardii,Prunus cerasifera
Prunus domestica,Prunus domestica
Prunus domestica subsp. insititia,Prunus domestica
Prunus laurocerasus,Prunus laurocerasus
Prunus padus,Prunus padus
Prunus spinosa,Prunus spinosa
Prunus spinosa x domestica = P. x fruticans,Prunus spinosa x domestica = P. x fruticans
Pseudotsuga menziesii,Pseudotsuga menziesii
Pteridium,Pteridium aquilinum
Pteridium aquilinum,Pteridium aquilinum
Pteridium aquilinum subsp. aquilinum,Pteridium aquilinum
Puccinellia,Puccinellia
Puccinellia maritima,Puccinellia maritima
Pulicaria dysenterica,Pulicaria dysenterica
Pulmonaria officinalis,Pulmonaria officinalis
Pyrola rotundifolia,Pyrola rotundifolia
Pyrola rotundifolia subsp. maritima,Pyrola rotundifolia
Quercus,Quercus
Quercus cerris,Quercus cerris
Quercus ilex,Quercus ilex
Quercus petraea,Quercus petraea
Quercus petraea x robur = Q. x rosacea,Quercus petraea x robur = Q. x rosacea
Quercus robur,Quercus robur
Ranunculaceae,Ranunculaceae
Ranunculales,Ranunculales
Ranunculus,Ranunculus
Ranunculus acris,Ranunculus acris
Ranunculus acris var. acris,Ranunculus acris
Ranunculus arvensis,Ranunculus arvensis
Ranunculus auricomus,Ranunculus auricomus
Ranunculus bulbosus,Ranunculus bulbosus
Ranunculus bulbosus var. bulbosus,Ranunculus bulbosus
Ranunculus circinatus,Ranunculus circinatus
Ranunculus ficaria,Ranunculus ficaria
Ranunculus ficaria subsp. ficaria,Ranunculus ficaria
Ranunculus flammula,Ranunculus flammula
Ranunculus fluitans,Ranunculus spp. (water-crowfoots)
Ranunculus hederaceus,Ranunculus hederaceus
Ranunculus lingua,Ranunculus lingua
Ranunculus omiophyllus,Ranunculus spp. (water-crowfoots)
Ranunculus parviflorus,Ranunculus parviflorus
Ranunculus peltatus,Ranunculus spp. (water-crowfoots)
Ranunculus repens,Ranunculus repens
Ranunculus reptans,Ranunculus repens
Ranunculus sardous,Ranunculus sardous
Ranunculus sceleratus,Ranunculus sceleratus
Ranunculus spp. (water-crowfoots),Ranunculus spp. (water-crowfoots)
Ranunculus trichophyllus,Ranunculus spp. (water-crowfoots)
Raphanus raphanistrum,Raphanus raphanistrum
Raphanus raphanistrum subsp. maritimus,Raphanus raphanistrum
Raphanus raphanistrum subsp. raphanistrum,Raphanus raphanistrum
Rapistrum rugosum,Rapistrum rugosum
Reseda lutea,Reseda lutea
Reseda luteola,Reseda luteola
Rhamnus cathartica,Rhamnus cathartica
Rhinanthus angustifolius,Rhinanthus angustifolius
Rhinanthus minor,Rhinanthus minor
Rhinanthus minor subsp. minor,Rhinanthus minor
Rhododendron,Rhododendron ponticum
Rhododendron ponticum,Rhododendron ponticum
Rhynchospora alba,Rhynchospora alba
Ribes,Ribes
Ribes americanum,Ribes americanum
Ribes nigrum,Ribes nigrum
Ribes rubrum,Ribes rubrum
Ribes uva-crispa,Ribes uva-crispa
Rorippa amphibia,Rorippa amphibia
Rorippa microphylla,Rorippa microphylla
Rorippa nasturtium-aquaticum,Rorippa nasturtium-aquaticum
Rorippa nasturtium-aquaticum agg.,Rorippa nasturtium-aquaticum
Rorippa palustris,Rorippa palustris
Rosa,Rosa canina agg.
Rosa afzeliana x canina,Rosa canina agg.
Rosa arvensis,Rosa canina agg.
Rosa caesia subsp. caesia,Rosa canina agg.
Rosa caesia subsp. vosagiaca,Rosa canina agg.
Rosa canina,Rosa canina agg.
Rosa canina agg.,Rosa canina agg.
Rosa rubiginosa,Rosa rubiginosa
Rosa rugosa,Rosa rugosa
Rosa rugosa x canina = R. x praegeri,Rosa canina agg.
Rosa sherardii,Rosa sherardii
Rosa spinosissima,Rosa spinosissima
Rubia peregrina,Rubia peregrina
Rubus,Rubus fruticosus
Rubus armeniacus,Rubus armeniacus
Rubus caesarius,Rubus fruticosus
Rubus caesius,Rubus caesius
Rubus chamaemorus,Rubus chamaemorus
Rubus fruticosus agg.,Rubus fruticosus
Rubus fruticosus agg. x idaeus,Rubus fruticosus
Rubus idaeus,Rubus idaeus
Rubus saxatilis,Rubus saxatilis
Rubus spectabilis,Rubus spectabilis
Rubus ulmifolius,Rubus fruticosus
Rumex,Rumex
Rumex acetosa,Rumex acetosa
Rumex acetosa subsp. acetosa,Rumex acetosa
Rumex acetosella,Rumex acetosella
Rumex acetosella subsp. acetosella,Rumex acetosella
Rumex alpinus,Rumex alpinus
Rumex aquaticus x obtusifolius = R. x platyphyllus,Rumex crispus/obtusifolius
Rumex conglomeratus,Rumex conglomeratus
Rumex crispus,Rumex crispus/obtusifolius
Rumex crispus subsp. littoreus,Rumex crispus/obtusifolius
Rumex crispus x maritimus = R. x fallacinus,Rumex crispus/obtusifolius
Rumex crispus/obtusifolius,Rumex crispus/obtusifolius
Rumex hydrolapathum,Rumex hydrolapathum
Rumex obovatus,Rumex crispus/obtusifolius
Rumex obtusifolius,Rumex crispus/obtusifolius
Rumex obtusifolius var. microcarpus,Rumex crispus/obtusifolius
Rumex palustris,Rumex palustris
Rumex pulcher,Rumex pulcher
Rumex sanguineus,Rumex sanguineus
Rumex sanguineus var. sanguineus,Rumex sanguineus
Rumex sanguineus x pulcher = R. x mixtus,Rumex sanguineus
Ruppia,Ruppia
Ruscus,Ruscus aculeatus
Ruscus aculeatus,Ruscus aculeatus
Sagina,Sagina
Sagina apetala,Sagina apetala
Sagina maritima,Sagina maritima
Sagina nodosa,Sagina nodosa
Sagina procumbens,Sagina procumbens
Sagina saginoides x procumbens = S. x normaniana,Sagina procumbens
Sagittaria sagittifolia,Sagittaria sagittifolia
Salicornia,Salicornia
Salicornia europaea,Salicornia europaea
Salicornia ramosissima,Salicornia ramosissima
Salix,Salix
Salix alba var. alba,Salix alba
Salix arbuscula,Salix arbuscula
Salix aurita,Salix aurita
Salix caprea,Salix caprea
Salix caprea subsp. caprea,Salix caprea
Salix cinerea,Salix cinerea
Salix cinerea subsp. cinerea,Salix cinerea
Salix cinerea subsp. oleifolia,Salix cinerea
Salix euxina x alba = S. x fragilis,Salix euxina x alba = S. x fragilis
Salix herbacea,Salix herbacea
Salix purpurea,Salix purpurea
Salix repens,Salix repens
Salix viminalis,Salix viminalis
Salsola kali subsp. kali,Salsola kali
Salvia verbenaca,Salvia verbenaca
Sambucus,Sambucus nigra
Sambucus nigra,Sambucus nigra
Samolus valerandi,Samolus valerandi
Sanguisorba minor,Sanguisorba minor
Sanguisorba officinalis,Sanguisorba officinalis
Sanicula europaea,Sanicula europaea
Saponaria officinalis,Saponaria officinalis
Sarcocornia perennis,Sarcocornia perennis
Saxifraga,Saxifraga
Saxifraga aizoides,Saxifraga aizoides
Saxifraga cymbalaria,Saxifraga cymbalaria
Saxifraga granulata,Saxifraga granulata
Saxifraga hypnoides,Saxifraga hypnoides
Saxifraga oppositifolia,Saxifraga oppositifolia
Saxifraga stellaris,Saxifraga stellaris
Saxifraga tridactylites,Saxifraga tridactylites
Scabiosa columbaria,Scabiosa columbaria
Schoenoplectus,Schoenoplectus lacustris
Schoenoplectus lacustris,Schoenoplectus lacustris
Schoenoplectus tabernaemontani,Schoenoplectus tabernaemontani
Schoenus nigricans,Schoenus nigricans
Scilla forbesii,Scilla forbesii
Scilla verna,Scilla verna
Scirpus sylvaticus,Scirpus sylvaticus
Scorzoneroides autumnalis,Scorzoneroides autumnalis
Scorzoneroides autumnalis var. autumnalis,Scorzoneroides autumnalis
Scrophularia,Scrophularia
Scrophularia auriculata,Scrophularia auriculata
Scrophularia nodosa,Scrophularia nodosa
Scrophularia scorodonia,Scrophularia scorodonia
Scutellaria galericulata,Scutellaria galericulata
Scutellaria minor,Scutellaria minor
Secale cereale,Secale cereale
Sedum acre,Sedum acre
Sedum album,Sedum album
Sedum anglicum,Sedum anglicum
Sedum cepaea,Sedum
Sedum rosea,Sedum rosea
Selaginella selaginoides,Selaginella selaginoides
Senecio,Senecio
Senecio aquaticus,Senecio aquaticus
Senecio erucifolius,Senecio erucifolius
Senecio jacobaea,Senecio jacobaea
Senecio jacobaea subsp. jacobaea,Senecio jacobaea
Senecio jacobaea var. jacobaea,Senecio jacobaea
Senecio squalidus,Senecio squalidus
Senecio sylvaticus,Senecio sylvaticus
Senecio vernalis,Senecio vernalis
Senecio viscosus,Senecio viscosus
Senecio vulgaris,Senecio vulgaris
Seriphidium maritimum,Seriphidium maritimum
Serratula tinctoria,Serratula tinctoria
Sesleria caerulea,Sesleria caerulea
Sherardia arvensis,Sherardia arvensis
Sidalcea hendersonii,Malva
Silaum silaus,Silaum silaus
Silene,Silene
Silene coronaria,Silene coronaria
Silene dioica,Silene dioica
Silene flos-cuculi,Silene flos-cuculi
Silene flos-jovis,Silene flos-cuculi
Silene latifolia,Silene latifolia
Silene latifolia subsp. alba,Silene latifolia
Silene uniflora,Silene uniflora
Silene vulgaris,Silene vulgaris
Silene vulgaris x uniflora,Silene vulgaris
Silybum marianum,Silybum marianum
Sinapis alba,Sinapis alba
Sinapis arvensis,Sinapis arvensis
Sison amomum,Sison amomum
Sisymbrium altissimum,Sisymbrium altissimum
Sisymbrium officinale,Sisymbrium officinale
Sium latifolium,Sium latifolium
Smyrnium olusatrum,Smyrnium olusatrum
Solanum,Solanum
Solanum dulcamara,Solanum dulcamara
Solanum dulcamara var. marinum,Solanum dulcamara
Solanum nigrum,Solanum nigrum
Solanum tuberosum,Solanum tuberosum
Soleirolia soleirolii,Soleirolia soleirolii
Solidago,Solidago
Solidago canadensis,Solidago canadensis
Solidago virgaurea,Solidago virgaurea
Sonchus,Sonchus
Sonchus arvensis,Sonchus arvensis
Sonchus asper,Sonchus asper
Sonchus asper subsp. asper,Sonchus asper
Sonchus oleraceus,Sonchus oleraceus
Sonchus palustris,Sonchus palustris
Sorbus,Sorbus
Sorbus aria,Sorbus aria
Sorbus arranensis,Sorbus arranensis
Sorbus aucuparia,Sorbus aucuparia
Sorbus intermedia,Sorbus intermedia
Sparganium,Sparganium
Sparganium emersum,Sparganium emersum
Sparganium erectum,Sparganium erectum
Spartina,Spartina
Spartina anglica,Spartina anglica
Spartina maritima,Spartina maritima
Spergula,Spergula arvensis
Spergula arvensis,Spergula arvensis
Spergularia,Spergularia
Spergularia marina,Spergularia marina
Spergularia media,Spergularia media
Spergularia rubra,Spergularia rubra
Spergularia rupicola,Spergularia rupicola
Spergularia rupicola x marina,Spergularia rupicola
Spiranthes spiralis,Spiranthes spiralis
Spirodela polyrhiza,Spirodela polyrhiza
Stachys,Stachys
Stachys arvensis,Stachys arvensis
Stachys byzantina,Stachys byzantina
Stachys germanica,Stachys germanica
Stachys officinalis,Stachys officinalis
Stachys palustris,Stachys palustris
Stachys sylvatica,Stachys sylvatica
Stachys sylvatica x palustris = S. x ambigua,Stachys sylvatica x palustris = S. x ambigua
Stellaria,Stellaria
Stellaria alsine,Stellaria alsine
Stellaria graminea,Stellaria graminea
Stellaria holostea,Stellaria holostea
Stellaria media,Stellaria media
Stellaria neglecta,Stellaria neglecta
Stellaria palustris,Stellaria palustris
Suaeda maritima,Suaeda maritima
Suaeda vera,Suaeda vera
Succisa pratensis,Succisa pratensis
Symphoricarpos albus,Symphoricarpos albus
Symphytum,Symphytum
Symphytum officinale,Symphytum officinale
Symphytum officinale x asperum = S. x uplandicum,Symphytum officinale x asperum = S. x uplandicum
Symphytum officinale x asperum x tuberosum,Symphytum officinale
Symphytum orientale,Symphytum orientale
Syrenia cana,Syrenia cana
Syringa vulgaris,Syringa vulgaris
Tamarix gallica,Tamarix gallica
Tamus communis,Tamus communis
Tanacetum parthenium,Tanacetum parthenium
Tanacetum vulgare,Tanacetum vulgare
Taraxacum,Taraxacum agg.
Taraxacum agg.,Taraxacum agg.
Taraxacum dilatatum,Taraxacum agg.
Taraxacum laevigatum agg.,Taraxacum agg.
Taraxacum nordstedtii,Taraxacum agg.
Taraxacum officinale agg.,Taraxacum agg.
Taraxacum palustre,Taraxacum agg.
Taraxacum sagittipotens,Taraxacum agg.
Taraxacum sect. Erythrosperma,Taraxacum agg.
Taraxacum xanthostigma,Taraxacum agg.
Taxus,Taxus baccata
Taxus baccata,Taxus baccata
Tellima grandiflora,Tellima grandiflora
Tephroseris integrifolia,Inula conyzae
Teucrium,Teucrium
Teucrium chamaedrys x lucidum,Teucrium
Teucrium scordium,Teucrium scordium
Teucrium scorodonia,Teucrium scorodonia
Thalictrum flavum,Thalictrum flavum
Thalictrum minus,Thalictrum minus
Thelypteris,Thelypteris palustris
Thelypteris palustris,Thelypteris palustris
Thlaspi arvense,Thlaspi arvense
Thuja,Thuja plicata
Thuja plicata,Thuja plicata
Thymus,Thymus polytrichus/pulegioides
Thymus polytrichus,Thymus polytrichus/pulegioides
Thymus polytrichus subsp. britannicus,Thymus polytrichus/pulegioides
Thymus polytrichus/pulegioides,Thymus polytrichus/pulegioides
Thymus serpyllum,Thymus serpyllum
Thymus vulgaris,Thymus polytrichus/pulegioides
Tilia,Tilia platyphyllos x cordata = T. x europaea
Tilia cordata,Tilia cordata
Tilia platyphyllos,Tilia platyphyllos
Tilia platyphyllos x cordata = T. x europaea,Tilia platyphyllos x cordata = T. x europaea
Torilis arvensis,Torilis arvensis
Torilis japonica,Torilis japonica
Torilis nodosa,Torilis nodosa
Tragopogon,Tragopogon pratensis
Tragopogon porrifolius,Tragopogon porrifolius
Tragopogon pratensis,Tragopogon pratensis
Trichophorum,Trichophorum cespitosum
Trichophorum caespitosum s.lat.,Trichophorum cespitosum
Trichophorum cespitosum subsp. nothofoersteri (cespitosum x germanicum),Trichophorum cespitosum
Trichophorum germanicum s.str.,Trichophorum cespitosum
Trientalis europaea,Trientalis europaea
Trifolium,Trifolium
Trifolium albidum,Trifolium repens
Trifolium arvense,Trifolium arvense
Trifolium campestre,Trifolium campestre
Trifolium dubium,Trifolium dubium
Trifolium fragiferum,Trifolium fragiferum
Trifolium hybridum,Trifolium hybridum
Trifolium medium,Trifolium medium
Trifolium micranthum,Trifolium micranthum
Trifolium occidentale,Trifolium occidentale
Trifolium ornithopodioides,Trifolium ornithopodioides
Trifolium pratense,Trifolium pratense
Trifolium pratense var. pratense,Trifolium pratense
Trifolium pratense var. sativum,Trifolium pratense
Trifolium repens,Trifolium repens
Trifolium repens var. townsendi,Trifolium repens
Trifolium retusum,Trifolium retusum
Trifolium scabrum,Trifolium scabrum
Trifolium subterraneum,Trifolium subterraneum
Triglochin maritimum,Triglochin maritimum
Triglochin palustre,Triglochin palustre
Trinia glauca,Trinia glauca
Tripleurospermum,Tripleurospermum inodorum
Tripleurospermum inodorum,Tripleurospermum inodorum
Tripleurospermum maritimum,Tripleurospermum maritimum
Tripleurospermum maritimum sens.lat.,Tripleurospermum inodorum
Tripleurospermum maritimum x inodorum,Tripleurospermum inodorum
Trisetum flavescens,Trisetum flavescens
Trisetum flavescens subsp. purpurascens,Trisetum flavescens
Triticum,Triticum aestivum
Triticum aestivum,Triticum aestivum
Trollius europaeus,Trollius europaeus
Tropaeolum majus,Tropaeolum majus
Tsuga heterophylla,Tsuga heterophylla
Tussilago,Tussilago farfara
Tussilago farfara,Tussilago farfara
Typha,Typha angustifolia
Typha angustifolia,Typha angustifolia
Typha latifolia,Typha latifolia
Ulex,Ulex europaeus
Ulex europaeus,Ulex europaeus
Ulex gallii,Ulex gallii/minor
Ulex gallii/minor,Ulex gallii/minor
Ulex minor,Ulex gallii/minor
Ulmus,Ulmus
Ulmus aggregate,Ulmus
Ulmus glabra,Ulmus
Ulmus glabra x procera,Ulmus
Ulmus minor agg.,Ulmus
Ulmus procera,Ulmus
Umbellularia,Umbellularia
Umbilicus rupestris,Umbilicus rupestris
Urtica,Urtica dioica
Urtica dioica,Urtica dioica
Urtica dioica subsp. dioica,Urtica dioica
Urtica urens,Urtica urens
Utricularia vulgaris,Utricularia vulgaris
Vaccinium microcarpum,Vaccinium microcarpum
Vaccinium myrtillus,Vaccinium myrtillus
Vaccinium oxycoccos,Vaccinium oxycoccos
Vaccinium vitis-idaea,Vaccinium vitis-idaea
Valeriana,Valeriana officinalis
Valeriana dioica,Valeriana dioica
Valeriana officinalis,Valeriana officinalis
Valerianella,Valerianella locusta
Valerianella locusta,Valerianella locusta
Vancouveria planipetala,Vancouveria planipetala
Verbascum nigrum,Verbascum nigrum
Verbascum thapsus,Verbascum thapsus
Verbena officinalis,Verbena officinalis
Veronica,Veronica
Veronica agrestis,Veronica agrestis
Veronica alpina,Veronica alpina
Veronica anagallis-aquatica,Veronica anagallis-aquatica
Veronica arvensis,Veronica arvensis
Veronica beccabunga,Veronica beccabunga
Veronica catenata,Veronica catenata
Veronica chamaedrys,Veronica chamaedrys
Veronica filiformis,Veronica filiformis
Veronica hederifolia,Veronica hederifolia
Veronica montana,Veronica montana
Veronica officinalis,Veronica officinalis
Veronica persica,Veronica persica
Veronica polita,Veronica polita
Veronica scutellata,Veronica scutellata
Veronica serpyllifolia,Veronica serpyllifolia
Viburnum,Viburnum
Viburnum lantana,Viburnum lantana
Viburnum opulus,Viburnum opulus
Vicia,Vicia
Vicia benghalensis,Vicia
Vicia cracca,Vicia cracca
Vicia faba,Vicia faba
Vicia hirsuta,Vicia hirsuta
Vicia lathyroides,Vicia lathyroides
Vicia lutea,Vicia lutea
Vicia sativa,Vicia sativa
Vicia sativa subsp. nigra,Vicia sativa
Vicia sativa subsp. segetalis,Vicia sativa
Vicia sepium,Vicia sepium
Vicia spp.,Vicia
Vicia tetrasperma,Vicia tetrasperma
Vinca minor,Vinca minor
Viola,Viola
Viola arvensis,Viola arvensis
Viola canina,Viola canina
Viola hirta,Viola hirta
Viola lutea,Viola lutea
Viola odorata,Viola odorata
Viola palustris,Viola palustris
Viola reichenbachiana,Viola reichenbachiana/riviniana
Viola reichenbachiana/riviniana,Viola reichenbachiana/riviniana
Viola riviniana,Viola reichenbachiana/riviniana
Viola rupestris,Viola rupestris
Viola tricolor,Viola tricolor
Viola tricolor subsp. tricolor,Viola tricolor
Viola tricolor x arvensis = V. x contempta,Viola tricolor
Violaceae,Viola
Vulpia,Vulpia
Vulpia bromoides,Vulpia bromoides
Vulpia ciliata subsp. ambigua,Vulpia ciliata subsp. ambigua
Vulpia myuros,Vulpia myuros
Wahlenbergia hederacea,Wahlenbergia hederacea
Zea mays,Zea mays
Zostera (Zostera) marina,Zostera (Zostera) marina
