nameRec,UnifiedPlusInd
Abies alba,Abies alba
Acer,Acer
Acer campestre,Acer campestre
Acer platanoides,Acer platanoides
Acer pseudoplatanus,Acer pseudoplatanus
Achillea,Achillea
Achillea ageratum,Achillea ageratum
Achillea millefolium,Achillea millefolium
Achillea ptarmica,Achillea ptarmica
Acorus calamus,Acorus calamus
Adiantum,Adiantum
Adoxa moschatellina,Adoxa moschatellina
Aegopodium podagraria,Aegopodium podagraria
Aesculus hippocastanum,Aesculus hippocastanum
Aethusa cynapium,Aethusa cynapium
Agrimonia,Agrimonia eupatoria
Agrimonia eupatoria,Agrimonia eupatoria
Agrimonia eupatoria x procera = A. x wirtgenii,Agrimonia eupatoria
Agrimonia procera,Agrimonia procera
Agrostis,Agrostis
Agrostis canina,Agrostis canina
Agrostis canina sensu lato,Agrostis canina sensu lato
Agrostis capillaris,Agrostis capillaris
Agrostis curtisii,Agrostis curtisii
Agrostis gigantea,Agrostis gigantea
Agrostis stolonifera,Agrostis stolonifera
Agrostis vinealis,Agrostis vinealis
Aira caryophyllea,Aira caryophyllea
Aira praecox,Aira praecox
Ajuga pyramidalis,Ajuga pyramidalis
Ajuga reptans,Ajuga reptans
Alchemilla,Alchemilla
Alchemilla alpina,Alchemilla alpina
Alchemilla filicaulis subsp. vestita,Alchemilla filicaulis subsp. vestita
Alchemilla glabra,Alchemilla glabra
Alchemilla mollis,Alchemilla mollis
Alchemilla vulgaris agg.,Alchemilla vulgaris agg.
Alchemilla xanthochlora,Alchemilla xanthochlora
Alisma plantago-aquatica,Alisma plantago-aquatica
Alliaria,Alliaria petiolata
Alliaria petiolata,Alliaria petiolata
Allium,Allium
Allium sativum,Allium sativum
Allium spp.,Allium spp.
Allium triquetrum,Allium triquetrum
Allium ursinum,Allium ursinum
Allium vineale,Allium vineale
Alnus glutinosa,Alnus glutinosa
Alnus incana,Alnus incana
Alopecurus,Alopecurus
Alopecurus geniculatus,Alopecurus geniculatus
Alopecurus myosuroides,Alopecurus myosuroides
Alopecurus pratensis,NA
Althaea officinalis,NA
Amaranthus hybridus,NA
Ammophila arenaria,Ammophila arenaria
Anacamptis pyramidalis,NA
Anagallis,NA
Anagallis arvensis,Anagallis arvensis
Anagallis arvensis subsp. foemina,NA
Anagallis tenella,Anagallis tenella
Anchusa arvensis,NA
Anchusa ochroleuca x officinalis = A. x baumgartenii,NA
Anemone nemorosa,Anemone nemorosa
Angelica,NA
Angelica archangelica,NA
Angelica sylvestris,Angelica sylvestris
Antennaria dioica,Antennaria dioica
Anthemis,NA
Anthemis arvensis,NA
Anthemis cotula,Anthemis cotula
Anthoxanthum,NA
Anthoxanthum aristatum,NA
Anthoxanthum odoratum,Anthoxanthum odoratum
Anthoxanthum ovatum,NA
Anthriscus caucalis,NA
Anthriscus sylvestris,Anthriscus sylvestris
Anthyllis vulneraria,Anthyllis vulneraria
Aphanes arvensis,NA
Aphanes arvensis agg.,NA
Aphanes australis,NA
Apiaceae,NA
Apium graveolens,Apium graveolens
Apium inundatum,NA
Apium nodiflorum,Apium nodiflorum
Arabidopsis thaliana,NA
Arabis hirsuta,Arabis hirsuta
Arctium,NA
Arctium lappa,NA
Arctium minus,NA
Arctium minus/nemorosum,Arctium minus/nemorosum
Arctium nemorosum,NA
Arenaria serpyllifolia,NA
Armeria,NA
Armeria maritima,Armeria maritima
Armeria maritima subsp. maritima,NA
Armoracia rusticana,NA
Arrhenatherum,NA
Arrhenatherum elatius,NA
Artemisia,NA
Artemisia campestris,NA
Artemisia vulgaris,NA
Arum,NA
Arum italicum,NA
Arum maculatum,Arum maculatum
Asperula cynanchica,NA
Asplenium,NA
Asplenium adiantum-nigrum,NA
Asplenium adiantum-nigrum x septentrionale = A. x contrei,NA
Asplenium ruta-muraria,Asplenium ruta-muraria
Asplenium trichomanes,Asplenium trichomanes
Asplenium viride,NA
Aster,NA
Aster agg.,NA
Aster tripolium,Aster tripolium
Aster tripolium var. discoideus,NA
Asteraceae,NA
Astragalus danicus,NA
Astragalus glycyphyllos,NA
Astragalus hamosus,NA
Athyrium filix-femina,NA
Atriplex,NA
Atriplex glabriuscula,NA
Atriplex glabriuscula x longipes = A. x taschereaui,NA
Atriplex laciniata,NA
Atriplex littoralis,NA
Atriplex patula,NA
Atriplex portulacoides,Atriplex portulacoides
Atriplex prostrata,NA
Atropa belladonna,NA
Avena fatua,NA
Avena sativa,NA
Azolla filiculoides,Azolla filiculoides
Ballota nigra,NA
Barbarea intermedia,NA
Barbarea vulgaris,NA
Bellis perennis,Bellis perennis
Berula erecta,Berula erecta
Beta vulgaris,Beta vulgaris
Beta vulgaris subsp. maritima,NA
Betula,NA
Betula albosinensis,NA
Betula pendula,NA
Betula pubescens,NA
Betula pubescens/pendula,Betula pubescens/pendula
Bidens cernua,NA
Bidens tripartita,Bidens tripartita
Blackstonia perfoliata,Blackstonia perfoliata
Blechnum,NA
Blechnum spicant,Blechnum spicant
Blysmus rufus,NA
Bolboschoenus maritimus,NA
Botrychium lunaria,NA
Brachypodium,NA
Brachypodium pinnatum,NA
Brachypodium pinnatum s.l.,Brachypodium pinnatum s.l.
Brachypodium rupestre,NA
Brachypodium sylvaticum,NA
Brassica,NA
Brassica napus,NA
Brassica napus subsp. oleifera,NA
Brassica nigra,NA
Brassica oleracea,NA
Brassica oleracea var. oleracea,NA
Brassica rapa,NA
Briza media,Briza media
Bromopsis,NA
Bromopsis erecta,Bromopsis erecta
Bromopsis ramosa,NA
Bromus,NA
Bromus commutatus,NA
Bromus commutatus x racemosus,NA
Bromus diandrus,NA
Bromus hordeaceus,Bromus hordeaceus
Bromus hordeaceus subsp. hordeaceus,NA
Bromus hordeaceus x lepidus = B. x pseudothominei,NA
Bromus lepidus,NA
Bromus racemosus,NA
Bromus sterilis,NA
Bryonia,NA
Bryonia dioica,NA
Buddleja,NA
Buddleja davidii,Buddleja davidii
Butomus umbellatus,Butomus umbellatus
Buxus sempervirens,NA
Cakile maritima,NA
Calamagrostis epigejos,NA
Callitriche,NA
Callitriche aggregate,NA
Callitriche hamulata,NA
Callitriche platycarpa,NA
Callitriche stagnalis,NA
Calluna vulgaris,Calluna vulgaris
Caltha palustris,Caltha palustris
Calystegia,NA
Calystegia sepium,Calystegia sepium
Calystegia sepium sens.lat.,NA
Calystegia silvatica,NA
Calystegia silvatica var. quinquepartita,NA
Calystegia soldanella,NA
Campanula glomerata,Campanula glomerata
Campanula latifolia,Campanula latifolia
Campanula rotundifolia,Campanula rotundifolia
Campanula trachelium,Campanula trachelium
Capsella bursa-pastoris,Capsella bursa-pastoris
Cardamine,NA
Cardamine amara,NA
Cardamine flexuosa,NA
Cardamine hirsuta,NA
Cardamine pratensis,Cardamine pratensis
Cardamine pratensis x flexuosa = C. x fringsii,NA
Cardamine trifolia,NA
Carduus crispus,NA
Carduus macrocephalus,NA
Carduus nutans,Carduus nutans
Carduus tenuiflorus,NA
Carex,NA
Carex acuta,NA
Carex acutiformis,NA
Carex aquatilis,NA
Carex arenaria,Carex arenaria
Carex bigelowii,Carex bigelowii
Carex binervis,NA
Carex canescens,NA
Carex caryophyllea,NA
Carex chordorrhiza,NA
Carex demissa x C. hostiana,NA
Carex diandra,NA
Carex dioica,NA
Carex distans,NA
Carex disticha,NA
Carex divulsa subsp. divulsa,NA
Carex echinata,Carex echinata
Carex elata,NA
Carex elongata,NA
Carex extensa,NA
Carex flacca,Carex flacca
Carex flava agg.,NA
Carex hirta,NA
Carex hostiana,NA
Carex laevigata,NA
Carex lasiocarpa,NA
Carex leporina,NA
Carex limosa,Carex limosa
Carex nigra,Carex nigra
Carex nigra type (C.acuta or aquatilis or hibernica),NA
Carex otrubae,Carex otrubae
Carex pallescens,NA
Carex panicea,Carex panicea
Carex paniculata,Carex paniculata
Carex pendula,Carex pendula
Carex pilulifera,NA
Carex pseudocyperus,NA
Carex pulicaris,Carex pulicaris
Carex remota,Carex remota
Carex riparia,NA
Carex rostrata,Carex rostrata
Carex strigosa,NA
Carex sylvatica,Carex sylvatica
Carex viridula,NA
Carex viridula subsp. brachyrrhyncha,NA
Carex viridula subsp. oedocarpa,NA
Carex viridula subsp. viridula,NA
Carlina vulgaris,Carlina vulgaris
Carpinus betulus,NA
Carum carvi,NA
Castanea,NA
Castanea sativa,NA
Catapodium marinum,NA
Catapodium rigidum,NA
Celosia argentea,NA
Centaurea,NA
Centaurea cyanus,NA
Centaurea debeauxii,NA
Centaurea debeauxii subsp. nemoralis,NA
Centaurea jacea,NA
Centaurea nicaeensis,NA
Centaurea nigra,NA
Centaurea nigra subsp. nigra,NA
Centaurea nigra var. nemoralis,NA
Centaurea scabiosa,Centaurea scabiosa
Centaurium,NA
Centaurium erythraea,NA
Centaurium littorale,NA
Centranthus ruber,Centranthus ruber
Cephalanthera damasonium,NA
Cerastium,NA
Cerastium arvense,Cerastium arvense
Cerastium brachypetalum,NA
Cerastium diffusum,NA
Cerastium fontanum,Cerastium fontanum
Cerastium fontanum subsp. holosteoides,NA
Cerastium fontanum subsp. vulgare,NA
Cerastium glomeratum,Cerastium glomeratum
Cerastium semidecandrum,NA
Ceratocapnos,NA
Ceratocapnos claviculata,Ceratocapnos claviculata
Ceratochloa cathartica,NA
Ceterach officinarum,Ceterach officinarum
Chaenorhinum minus,Chaenorhinum minus
Chaerophyllum hirsutum,NA
Chaerophyllum temulum,Chaerophyllum temulum
Chamaecyparis lawsoniana,NA
Chamerion,NA
Chamerion angustifolium,NA
Chara,NA
Chelidonium majus,NA
Chenopodium,NA
Chenopodium album,Chenopodium album
Chenopodium album agg.,NA
Chenopodium ficifolium,NA
Chenopodium polyspermum,NA
Chenopodium quinoa,NA
Chenopodium rubrum,NA
Chrysosplenium,NA
Chrysosplenium alternifolium,NA
Chrysosplenium oppositifolium,Chrysosplenium oppositifolium
Cicuta virosa,NA
Circaea lutetiana,Circaea lutetiana
Cirsium,NA
Cirsium acaule,Cirsium acaule
Cirsium acaule x arvense = C. x boulayi,NA
Cirsium arvense,Cirsium arvense
Cirsium arvense var. arvense,NA
Cirsium arvense var. incanum,NA
Cirsium dissectum,Cirsium dissectum
Cirsium eriophorum,NA
Cirsium heterophyllum,Cirsium heterophyllum
Cirsium palustre,Cirsium palustre
Cirsium vulgare,Cirsium vulgare
Cirsium vulgare x acaule = C. x sabaudum,NA
Cistus laurifolius,NA
Cladium mariscus,NA
Claytonia perfoliata,NA
Claytonia sibirica,NA
Clematis,NA
Clematis vitalba,Clematis vitalba
Clinopodium acinos,Clinopodium acinos
Clinopodium ascendens,NA
Clinopodium vulgare,NA
Cochlearia,NA
Cochlearia anglica,NA
Cochlearia danica,NA
Cochlearia officinalis,NA
Cochlearia officinalis sens.lat.,NA
Cochlearia officinalis subsp. officinalis,NA
Cochlearia officinalis subsp. scotica,NA
Conifer seedlings/saplings,Conifer seedlings/saplings
Conium maculatum,NA
Conopodium majus,Conopodium majus
Convolvulus,NA
Convolvulus arvensis,NA
Convolvulus arvensis var. arvensis,NA
Convolvulus arvensis var. stonestreetii,NA
Conyza,NA
Conyza canadensis,NA
Conyza sumatrensis,NA
Cornus,NA
Cornus sanguinea,Cornus sanguinea
Corydalis,NA
Corylus,NA
Corylus avellana,Corylus avellana
Corylus maxima,NA
Cotoneaster,NA
Cotoneaster microphyllus,NA
Cotoneaster simonsii,NA
Crambe maritima,Crambe maritima
Crassula helmsii,Crassula helmsii
Crassula tillaea,NA
Crataegus,NA
Crataegus laevigata,NA
Crataegus monogyna,Crataegus monogyna
Crataegus monogyna x heterophylla,NA
Crepis,NA
Crepis biennis,NA
Crepis capillaris,NA
Crepis foetida,NA
Crepis paludosa,Crepis paludosa
Crepis vesicaria,NA
Crithmum maritimum,Crithmum maritimum
Crocosmia,NA
Cruciata,NA
Cruciata articulata,NA
Cruciata laevipes,Cruciata laevipes
Cryptogramma crispa,Cryptogramma crispa
Cuscuta epithymum,Cuscuta epithymum
Cymbalaria muralis,NA
Cynoglossum officinale,Cynoglossum officinale
Cynosurus,NA
Cynosurus cristatus,Cynosurus cristatus
Cystopteris fragilis,Cystopteris fragilis
Cytisus scoparius,Cytisus scoparius
Dactylis glomerata,NA
Dactylis glomerata subsp. glomerata,NA
Dactylorhiza,NA
Dactylorhiza fuchsii,Dactylorhiza fuchsii
Dactylorhiza incarnata,NA
Dactylorhiza incarnata subsp. coccinea,NA
Dactylorhiza maculata,Dactylorhiza maculata
Dactylorhiza maculata subsp. ericetorum,NA
Dactylorhiza praetermissa,Dactylorhiza praetermissa
Dactylorhiza purpurella,NA
Dactylorhiza purpurella subsp. cambrensis,NA
Danthonia decumbens,NA
Daphne laureola,Daphne laureola
Daucus carota,Daucus carota
Daucus carota subsp. carota,NA
Daucus carota subsp. gummifer,NA
Deschampsia,NA
Deschampsia cespitosa,Deschampsia cespitosa
Deschampsia cespitosa subsp. cespitosa,NA
Deschampsia flexuosa,Deschampsia flexuosa
Digitalis,NA
Digitalis purpurea,Digitalis purpurea
Dioscorea communis,NA
Diphasiastrum alpinum,Diphasiastrum alpinum
Diplotaxis tenuifolia,NA
Dipsacus fullonum,Dipsacus fullonum
Dipsacus fullonum sensu lato,NA
Draba,NA
Draba incana,NA
Draba muralis,NA
Drosera anglica,Drosera anglica
Drosera binata,NA
Drosera intermedia,Drosera intermedia
Drosera rotundifolia,Drosera rotundifolia
Dryopteridaceae,NA
Dryopteris,NA
Dryopteris affinis,NA
Dryopteris affinis s.l.,NA
Dryopteris affinis subsp. affinis,NA
Dryopteris borreri,NA
Dryopteris borreri x felix-mas,NA
Dryopteris carthusiana,NA
Dryopteris dilatata,NA
Dryopteris filix-mas,NA
Dryopteris filix-mas agg.,NA
Dryopteris remota,NA
Echinochloa crus-galli,NA
Echinops bannaticus,NA
Echium vulgare,NA
Eleocharis multicaulis,Eleocharis multicaulis
Eleocharis palustris,NA
Eleocharis palustris x uniglumis,NA
Eleocharis quinqueflora,NA
Eleogiton fluitans,NA
Elodea,NA
Elodea canadensis,NA
Elodea canadensis/nutallii,Elodea canadensis/nutallii
Elodea nuttallii,NA
Elymus,NA
Elymus caninus,NA
Elytrigia,NA
Elytrigia atherica,Elytrigia atherica
Elytrigia campestris subsp. maritima,NA
Elytrigia juncea,NA
Elytrigia juncea subsp. boreoatlantica,NA
Elytrigia repens,NA
Elytrigia repens subsp. repens,NA
Elytrigia repens x atherica = E. x drucei,NA
Empetrum nigrum,Empetrum nigrum
Empetrum nigrum subsp. nigrum,NA
Epilobium,NA
Epilobium anagallidifolium,NA
Epilobium brunnescens,NA
Epilobium ciliatum,NA
Epilobium hirsutum,Epilobium hirsutum
Epilobium hirsutum x obscurum,NA
Epilobium lanceolatum,NA
Epilobium montanum,NA
Epilobium montanum x obscurum = E. x aggregatum,NA
Epilobium obscurum,NA
Epilobium palustre,NA
Epilobium parviflorum,NA
Epilobium tetragonum,NA
Epipactis helleborine,NA
Epipactis palustris,NA
Equisetaceae,NA
Equisetum,NA
Equisetum arvense,Equisetum arvense
Equisetum fluviatile,Equisetum fluviatile
Equisetum hyemale x variegatum = E. x trachyodon,NA
Equisetum palustre,Equisetum palustre
Equisetum pratense,NA
Equisetum sylvaticum,NA
Equisetum telmateia,NA
Equisetum variegatum,NA
Erica carnea,NA
Erica ciliaris,NA
Erica ciliaris x tetralix = E. x watsonii,NA
Erica cinerea,Erica cinerea
Erica tetralix,Erica tetralix
Erigeron acris,NA
Erinus alpinus,NA
Eriophorum,NA
Eriophorum angustifolium,Eriophorum angustifolium
Eriophorum vaginatum,Eriophorum vaginatum
Erodium,NA
Erodium cicutarium,NA
Erodium cicutarium agg.,NA
Erodium cicutarium x lebelii = E. x anaristatum,NA
Erodium maritimum,NA
Erodium moschatum,NA
Erophila glabrescens,NA
Erophila verna,NA
Eryngium maritimum,NA
Erysimum cheiranthoides,NA
Erythronium dens-canis,NA
Eschscholzia californica,NA
Euonymus europaeus,Euonymus europaeus
Eupatorium cannabinum,NA
Euphorbia,NA
Euphorbia amygdaloides,Euphorbia amygdaloides
Euphorbia amygdaloides subsp. amygdaloides,NA
Euphorbia exigua,Euphorbia exigua
Euphorbia helioscopia,Euphorbia helioscopia
Euphorbia lathyris,NA
Euphorbia paralias,NA
Euphorbia peplus,NA
Euphorbia platyphyllos,NA
Euphorbia portlandica,NA
Euphrasia,NA
Euphrasia arctica,NA
Euphrasia micrantha,NA
Euphrasia nemorosa,NA
Euphrasia officinalis,NA
Euphrasia officinalis agg.,NA
Fagopyrum esculentum,NA
Fagus,NA
Fagus sylvatica,NA
Fagus sylvatica 'Pendula',NA
Fallopia convolvulus,NA
Fallopia japonica,NA
Festuca,NA
Festuca arenaria,NA
Festuca arenaria subsp. arenaria,NA
Festuca arundinacea,NA
Festuca filiformis,NA
Festuca gigantea,NA
Festuca ovina,NA
Festuca ovina agg.,NA
Festuca pratensis,NA
Festuca pratensis x Lolium perenne = X Festulolium loliaceum,NA
Festuca rubra,NA
Festuca rubra agg.,NA
Festuca rubra subsp. commutata,NA
Festuca rubra subsp. juncea,NA
Festuca rubra subsp. rubra,NA
Festuca vivipara,NA
Filago arvensis,NA
Filago minima,Filago minima
Filago vulgaris,NA
Filipendula,NA
Filipendula ulmaria,Filipendula ulmaria
Filipendula vulgaris,Filipendula vulgaris
Filipendula x purpurea,NA
Foeniculum vulgare,NA
Fragaria,NA
Fragaria ananassa,NA
Fragaria vesca,Fragaria vesca
Frangula alnus,NA
Fraxinus excelsior,NA
Fraxinus excelsior 'Diversifolia',NA
Fritillaria meleagris,NA
Fumaria,NA
Fumaria muralis,NA
Fumaria officinalis,NA
Galanthus nivalis,NA
Galega officinalis,NA
Galeopsis bifida,NA
Galeopsis tetrahit,NA
Galeopsis tetrahit agg. sensu lato,NA
Galeopsis tetrahit x bifida = G. x ludwigii,NA
Galinsoga parviflora,NA
Galinsoga quadriradiata,NA
Galium,NA
Galium aparine,Galium aparine
Galium boreale,Galium boreale
Galium constrictum,NA
Galium mollugo,Galium mollugo
Galium mollugo subsp. erectum,NA
Galium odoratum,Galium odoratum
Galium palustre,Galium palustre
Galium palustre subsp. elongatum,NA
Galium palustre subsp. palustre,NA
Galium pumilum,NA
Galium saxatile,Galium saxatile
Galium sterneri,Galium sterneri
Galium sterneri x saxatile,NA
Galium uliginosum,NA
Galium verum,Galium verum
Galium verum var. maritimum,NA
Galium verum var. verum,NA
Gaudinia fragilis,NA
Genista anglica,Genista anglica
Gentianella amarella,Gentianella amarella
Gentianella campestris,NA
Geraniaceae,NA
Geranium,NA
Geranium columbinum,NA
Geranium dissectum,NA
Geranium lucidum,NA
Geranium molle,NA
Geranium pratense,NA
Geranium pusillum,NA
Geranium pyrenaicum,NA
Geranium robertianum,Geranium robertianum
Geranium robertianum x purpureum,NA
Geranium rotundifolium,NA
Geranium sanguineum,Geranium sanguineum
Geranium sylvaticum,Geranium sylvaticum
Geum,NA
Geum rivale,NA
Geum urbanum,Geum urbanum
Glaucium flavum,Glaucium flavum
Glaux maritima,Glaux maritima
Glebionis segetum,NA
Glechoma,NA
Glechoma hederacea,Glechoma hederacea
Glyceria,NA
Glyceria declinata,NA
Glyceria fluitans,NA
Glyceria maxima,Glyceria maxima
Glyceria notata,NA
Gnaphalium uliginosum,NA
Gnaphalium undulatum,NA
Goodyera repens,NA
Gymnadenia conopsea,Gymnadenia conopsea
Gymnocarpium dryopteris,Gymnocarpium dryopteris
Gymnocarpium robertianum,NA
Hedera,NA
Hedera helix,Hedera helix
Hedera helix s.l.,NA
Hedera helix subsp. helix,NA
Hedera hibernica,NA
Helenium autumnale,NA
Helianthemum,NA
Helianthemum nummularium,Helianthemum nummularium
Helianthemum oelandicum,NA
Helictotrichon,NA
Helictotrichon pratense,Helictotrichon pratense
Helictotrichon pubescens,NA
Heracleum,NA
Heracleum mantegazzianum,Heracleum mantegazzianum
Heracleum sphondylium,Heracleum sphondylium
Heracleum sphondylium subsp. flavescens,NA
Heracleum sphondylium subsp. sphondylium,NA
Hesperis matronalis,NA
Hieracium,NA
Hieracium agg.,NA
Hieracium fulvocaesium,NA
Hieracium hypochaeroides,NA
Hieracium murorum agg.,NA
Hieracium pilosum,NA
Hieracium sect. Hieracioides,NA
Hieracium sparsifolium,NA
Hieracium umbellatum,NA
Hieracium vulgatum auct. Angl.,NA
Hippocrepis comosa,Hippocrepis comosa
Hippophae rhamnoides,NA
Hippuris vulgaris,Hippuris vulgaris
Hirschfeldia incana,NA
Holcus,NA
Holcus lanatus,Holcus lanatus
Holcus lanatus x mollis = H. x hybridus,NA
Holcus mollis,NA
Honckenya peploides,Honckenya peploides
Hordelymus europaeus,NA
Hordeum,NA
Hordeum distichon,NA
Hordeum marinum,NA
Hordeum murinum,NA
Hordeum murinum subsp. glaucum,NA
Hordeum secalinum,Hordeum secalinum
Hordeum vulgare,NA
Hottonia palustris,Hottonia palustris
Humulus lupulus,NA
Huperzia selago,Huperzia selago
Hyacinthoides,NA
Hyacinthoides hispanica,NA
Hyacinthoides non-scripta,Hyacinthoides non-scripta
Hyacinthoides non-scripta x hispanica = H. x massartiana,NA
Hydrangea,NA
Hydrangea macrophylla,NA
Hydrocharis morsus-ranae,Hydrocharis morsus-ranae
Hydrocotyle,NA
Hydrocotyle vulgaris,Hydrocotyle vulgaris
Hypericum,NA
Hypericum androsaemum,NA
Hypericum androsaemum x hircinum = H. x inodorum,NA
Hypericum elodes,Hypericum elodes
Hypericum hirsutum,NA
Hypericum humifusum,NA
Hypericum maculatum,NA
Hypericum perforatum,NA
Hypericum pulchrum,NA
Hypericum tetrapterum,Hypericum tetrapterum
Hypochaeris,NA
Hypochaeris glabra,NA
Hypochaeris radicata,Hypochaeris radicata
Hypochaeris radicata subsp. radicata,NA
Hyssopus officinalis,NA
Ilex,NA
Ilex aquifolium,Ilex aquifolium
Impatiens,NA
Impatiens capensis,NA
Impatiens glandulifera,Impatiens glandulifera
Impatiens noli-tangere,NA
Inula conyzae,Inula conyzae
Iris,NA
Iris foetidissima,NA
Iris foetidissima var. foetidissima,NA
Iris pseudacorus,Iris pseudacorus
Isolepis setacea,NA
Iva,NA
Jasione montana,Jasione montana
Juglans regia,NA
Juncaceae,NA
Juncus,NA
Juncus acutiflorus,NA
Juncus acutiflorus/articulatus,NA
Juncus acutus,NA
Juncus articulatus,NA
Juncus articulatus x acutiflorus = J. x surrejanus,NA
Juncus bufonius,NA
Juncus bufonius agg. sensu lato,NA
Juncus bulbosus,NA
Juncus bulbosus subsp. bulbosus,NA
Juncus conglomeratus,NA
Juncus conglomeratus var. subuliflorus,NA
Juncus effusus,NA
Juncus gerardii,Juncus gerardii
Juncus inflexus,NA
Juncus inflexus/effusus/conglomeratus,Juncus inflexus/effusus/conglomeratus
Juncus maritimus,NA
Juncus pallidus,NA
Juncus squarrosus,Juncus squarrosus
Juncus subnodulosus,NA
Juncus tenuis,NA
Juniperus,NA
Juniperus communis,Juniperus communis
Kickxia elatine,Kickxia elatine
Kickxia spuria,Kickxia spuria
Knautia arvensis,Knautia arvensis
Knautia dipsacifolia,NA
Koeleria macrantha,NA
Koeleria macrantha sens.lat.,NA
Koeleria vallesiana,NA
Lactuca serriola,Lactuca serriola
Lactuca virosa,NA
Lagurus ovatus,NA
Lamiastrum galeobdolon subsp. galeobdolon,NA
Lamium,NA
Lamium album,NA
Lamium amplexicaule,Lamium amplexicaule
Lamium galeobdolon,NA
Lamium galeobdolon subsp. montanum,NA
Lamium hybridum,NA
Lamium maculatum,NA
Lamium purpureum,NA
Lapsana communis,NA
Lapsana communis subsp. communis,NA
Larix,NA
Larix decidua,NA
Lathyrus,NA
Lathyrus latifolius,NA
Lathyrus linifolius,Lathyrus linifolius
Lathyrus nissolia,NA
Lathyrus pratensis,Lathyrus pratensis
Lathyrus sylvestris,NA
Laurus nobilis,NA
Legousia hybrida,NA
Lemna,NA
Lemna gibba,Lemna gibba
Lemna minor,NA
Lemna minuta,NA
Lemna trisulca,Lemna trisulca
Leontodon,NA
Leontodon hispidus,NA
Leontodon hispidus x saxatilis,NA
Leontodon saxatilis,NA
Leonurus cardiaca,NA
Lepidium coronopus,NA
Lepidium didymum,NA
Lepidium draba,NA
Lepidium heterophyllum,NA
Lepidium latifolium,NA
Leucanthemum vulgare,Leucanthemum vulgare
Leycesteria,NA
Leymus arenarius,NA
Ligusticum scoticum,Ligusticum scoticum
Ligustrum,NA
Ligustrum ovalifolium,NA
Ligustrum vulgare,NA
Limonium,NA
Limonium binervosum,NA
Limonium humile,NA
Limonium platyphyllum,NA
Limonium vulgare,NA
Linaria,NA
Linaria purpurea,NA
Linaria vulgaris,NA
Linum bienne,NA
Linum catharticum,Linum catharticum
Linum usitatissimum,NA
Littorella,NA
Littorella uniflora,Littorella uniflora
Lobelia dortmanna,Lobelia dortmanna
Lolium,NA
Lolium multiflorum,NA
Lolium perenne,NA
Lonicera,NA
Lonicera nitida,NA
Lonicera periclymenum,Lonicera periclymenum
Lotus,NA
Lotus angustissimus,NA
Lotus corniculatus,Lotus corniculatus
Lotus corniculatus var. corniculatus,NA
Lotus pedunculatus,Lotus pedunculatus
Lotus subbiflorus,NA
Lupinus arboreus,NA
Luzula,NA
Luzula campestris,NA
Luzula forsteri,NA
Luzula multiflora,Luzula multiflora
Luzula multiflora subsp. congesta,NA
Luzula multiflora subsp. multiflora,NA
Luzula pilosa,NA
Luzula sylvatica,Luzula sylvatica
Lycopersicon esculentum,NA
Lycopodium clavatum,Lycopodium clavatum
Lycopus europaeus,Lycopus europaeus
Lysimachia,NA
Lysimachia nemorum,Lysimachia nemorum
Lysimachia nummularia,NA
Lysimachia vulgaris,Lysimachia vulgaris
Lythrum portula,NA
Lythrum salicaria,Lythrum salicaria
Malus,NA
Malus pumila,NA
Malus sylvestris,NA
Malus sylvestris sens.lat.,NA
Malva,NA
Malva arborea,NA
Malva moschata,NA
Malva neglecta,NA
Malva sylvestris,NA
Matricaria,NA
Matricaria chamomilla,NA
Matricaria discoidea,NA
Matricaria recutita,Matricaria recutita
Meconopsis cambrica,NA
Medicago,NA
Medicago arabica,NA
Medicago lupulina,Medicago lupulina
Medicago polymorpha,NA
Medicago sativa,NA
Medicago sativa subsp. sativa,NA
Melampyrum arvense,NA
Melampyrum pratense,Melampyrum pratense
Melica nutans,NA
Melica uniflora,Melica uniflora
Melilotus albus,NA
Melilotus altissimus,NA
Melilotus officinalis,NA
Melittis melissophyllum,NA
Mentha,NA
Mentha aquatica,Mentha aquatica
Mentha aquatica x spicata = M. x piperita,NA
Mentha arvensis,NA
Menyanthes trifoliata,Menyanthes trifoliata
Mercurialis annua,NA
Mercurialis perennis,Mercurialis perennis
Milium effusum,Milium effusum
Minuartia verna,Minuartia verna
Moehringia trinervia,Moehringia trinervia
Moenchia erecta,NA
Molinia,NA
Molinia caerulea,Molinia caerulea
Molinia caerulea subsp. caerulea,NA
Montia fontana,Montia fontana
Mycelis muralis,Mycelis muralis
Myosotis,NA
Myosotis arvensis,NA
Myosotis arvensis var. arvensis,NA
Myosotis arvensis var. sylvestris,NA
Myosotis discolor,NA
Myosotis laxa,NA
Myosotis laxa subsp. caespitosa,NA
Myosotis ramosissima,NA
Myosotis scorpioides,NA
Myosotis secunda,NA
Myosotis sylvatica,NA
Myosoton aquaticum,NA
Myrica gale,Myrica gale
Myriophyllum alterniflorum,NA
Myriophyllum aquaticum,Myriophyllum aquaticum
Myriophyllum spicatum,NA
Myriophyllum verticillatum,NA
Myrrhis odorata,NA
Narcissus,NA
Narcissus agg.,NA
Narcissus pseudonarcissus,NA
Narcissus pseudonarcissus agg.,NA
Narcissus pseudonarcissus subsp. pseudonarcissus,NA
Nardus,NA
Nardus stricta,Nardus stricta
Narthecium ossifragum,Narthecium ossifragum
Neottia cordata,NA
Neottia ovata,NA
Nothofagus nervosa x obliqua,NA
Nuphar lutea,Nuphar lutea
Nymphaea alba,Nymphaea alba
Nymphaea alba subsp. alba,NA
Nymphoides peltata,NA
Odontites vernus,Odontites vernus
Odontites vernus subsp. serotinus,NA
Oenanthe,NA
Oenanthe crocata,NA
Oenanthe lachenalii,NA
Oenothera,NA
Oenothera stricta,NA
Onobrychis viciifolia,NA
Ononis,NA
Ononis reclinata,NA
Ononis repens,NA
Ononis spinosa,NA
Ophioglossum vulgatum,Ophioglossum vulgatum
Ophioglossum vulgatum sens.lat.,NA
Ophrys apifera,NA
Orchidaceae,NA
Orchis mascula,Orchis mascula
Oreopteris limbosperma,Oreopteris limbosperma
Origanum majorana,NA
Origanum vulgare,Origanum vulgare
Ornithogalum pyrenaicum,NA
Ornithopus perpusillus,Ornithopus perpusillus
Orobanche minor,NA
Osmunda regalis,Osmunda regalis
Oxalis,NA
Oxalis acetosella,Oxalis acetosella
Oxalis corniculata,NA
Oxalis rosea,NA
Oxyria digyna,Oxyria digyna
Pancratium,NA
Papaver,NA
Papaver dubium,NA
Papaver rhoeas,NA
Papaver somniferum,NA
Parapholis incurva,NA
Parietaria judaica,NA
Parnassia palustris,NA
Pastinaca sativa,Pastinaca sativa
Paulownia tomentosa,NA
Pedicularis palustris,Pedicularis palustris
Pedicularis sylvatica,Pedicularis sylvatica
Pedicularis sylvatica subsp. hibernica,NA
Pentaglottis sempervirens,NA
Persicaria,NA
Persicaria amphibia,Persicaria amphibia
Persicaria bistorta,Persicaria bistorta
Persicaria capitata,NA
Persicaria hydropiper,NA
Persicaria lapathifolia,Persicaria lapathifolia
Persicaria maculosa,NA
Persicaria mitis,NA
Persicaria vivipara,Persicaria vivipara
Petasites albus,NA
Petasites hybridus,Petasites hybridus
Petrorhagia nanteuilii,NA
Petroselinum crispum,NA
Petroselinum segetum,NA
Phacelia tanacetifolia,NA
Phalaris,NA
Phalaris aquatica,NA
Phalaris arundinacea,Phalaris arundinacea
Phegopteris connectilis,NA
Philadelphus,NA
Philadelphus coronarius,NA
Phleum,NA
Phleum arenarium,NA
Phleum bertolonii,NA
Phleum pratense,NA
Phleum pratense sens.lat.,NA
Phragmites,NA
Phragmites australis,NA
Phyllitis scolopendrium,Phyllitis scolopendrium
Picea abies,NA
Picea sitchensis,NA
Picris,NA
Picris echioides,Picris echioides
Picris hieracioides,NA
Pilosella,NA
Pilosella aurantiaca,NA
Pilosella officinarum,Pilosella officinarum
Pimpinella major,Pimpinella major
Pimpinella saxifraga,NA
Pinguicula lusitanica,Pinguicula lusitanica
Pinguicula vulgaris,Pinguicula vulgaris
Pinus contorta,NA
Pinus nigra,NA
Pinus sylvestris,NA
Pittosporaceae,NA
Pittosporum crassifolium,NA
Plantago,NA
Plantago coronopus,Plantago coronopus
Plantago lanceolata,Plantago lanceolata
Plantago major,NA
Plantago major subsp. major,NA
Plantago maritima,Plantago maritima
Plantago media,Plantago media
Plantago ovata,NA
Platanthera bifolia,Platanthera bifolia
Platanthera chlorantha,NA
Poa,NA
Poa annua,NA
Poa chaixii,NA
Poa compressa,NA
Poa humilis,NA
Poa infirma,NA
Poa nemoralis,NA
Poa pratensis,NA
Poa pratensis sens.lat.,NA
Poa trivialis,NA
Poaceae,NA
Polygala,NA
Polygala serpyllifolia,NA
Polygala serpyllifolia/vulgaris,Polygala serpyllifolia/vulgaris
Polygala vulgaris,NA
Polygonatum multiflorum,NA
Polygonum,NA
Polygonum arenastrum,NA
Polygonum aviculare,NA
Polygonum aviculare agg. sensu lato,NA
Polypodium,NA
Polypodium interjectum,NA
Polypodium vulgare,NA
Polypodium vulgare Sensu lato,NA
Polystichum,NA
Polystichum aculeatum,NA
Polystichum setiferum,NA
Populus,NA
Populus alba,NA
Populus alba x tremula = P. x canescens,NA
Populus canescens,NA
Populus nigra,NA
Populus nigra x deltoides = P. x canadensis,NA
Populus tremula,NA
Potamogeton,NA
Potamogeton coloratus,NA
Potamogeton crispus,Potamogeton crispus
Potamogeton friesii,NA
Potamogeton natans,NA
Potamogeton pectinatus,NA
Potamogeton polygonifolius,Potamogeton polygonifolius
Potentilla,NA
Potentilla anglica,NA
Potentilla anglica x reptans = P. x mixta,NA
Potentilla anserina,Potentilla anserina
Potentilla erecta,Potentilla erecta
Potentilla erecta subsp. erecta,NA
Potentilla erecta x reptans = P. x italica,NA
Potentilla palustris,Potentilla palustris
Potentilla recta,NA
Potentilla reptans,Potentilla reptans
Potentilla sterilis,Potentilla sterilis
Potentilla tabernaemontani,NA
Potentilla x,NA
Poterium sanguisorba,NA
Poterium sanguisorba subsp. sanguisorba,NA
Primula,NA
Primula farinosa,NA
Primula veris,Primula veris
Primula veris x vulgaris = P. x polyantha,NA
Primula vulgaris,Primula vulgaris
Prunella vulgaris,Prunella vulgaris
Prunella vulgaris x laciniata = P. x intermedia,NA
Prunus,NA
Prunus avium,NA
Prunus cerasifera,NA
Prunus cerasifera var. pissardii,NA
Prunus domestica,NA
Prunus domestica subsp. insititia,NA
Prunus laurocerasus,NA
Prunus padus,NA
Prunus spinosa,Prunus spinosa
Prunus spinosa x domestica = P. x fruticans,NA
Pseudotsuga menziesii,NA
Pteridium,NA
Pteridium aquilinum,Pteridium aquilinum
Pteridium aquilinum subsp. aquilinum,NA
Puccinellia,NA
Puccinellia maritima,Puccinellia maritima
Pulicaria dysenterica,NA
Pulmonaria officinalis,NA
Pyrola rotundifolia,NA
Pyrola rotundifolia subsp. maritima,NA
Quercus,NA
Quercus cerris,NA
Quercus ilex,NA
Quercus petraea,NA
Quercus petraea x robur = Q. x rosacea,NA
Quercus robur,NA
Ranunculaceae,NA
Ranunculales,NA
Ranunculus,NA
Ranunculus acris,Ranunculus acris
Ranunculus acris var. acris,NA
Ranunculus arvensis,NA
Ranunculus auricomus,NA
Ranunculus bulbosus,Ranunculus bulbosus
Ranunculus bulbosus var. bulbosus,NA
Ranunculus circinatus,NA
Ranunculus ficaria,NA
Ranunculus ficaria subsp. ficaria,NA
Ranunculus flammula,NA
Ranunculus fluitans,NA
Ranunculus hederaceus,NA
Ranunculus lingua,NA
Ranunculus omiophyllus,NA
Ranunculus parviflorus,NA
Ranunculus peltatus,NA
Ranunculus repens,Ranunculus repens
Ranunculus reptans,NA
Ranunculus sardous,NA
Ranunculus sceleratus,Ranunculus sceleratus
Ranunculus spp. (water-crowfoots),NA
Ranunculus trichophyllus,NA
Raphanus raphanistrum,NA
Raphanus raphanistrum subsp. maritimus,NA
Raphanus raphanistrum subsp. raphanistrum,NA
Rapistrum rugosum,NA
Reseda lutea,Reseda lutea
Reseda luteola,Reseda luteola
Rhamnus cathartica,Rhamnus cathartica
Rhinanthus angustifolius,NA
Rhinanthus minor,Rhinanthus minor
Rhinanthus minor subsp. minor,NA
Rhododendron,NA
Rhododendron ponticum,Rhododendron ponticum
Rhynchospora alba,Rhynchospora alba
Ribes,NA
Ribes americanum,NA
Ribes nigrum,NA
Ribes rubrum,NA
Ribes uva-crispa,NA
Rorippa amphibia,NA
Rorippa microphylla,NA
Rorippa nasturtium-aquaticum,Rorippa nasturtium-aquaticum
Rorippa nasturtium-aquaticum agg.,NA
Rorippa palustris,Rorippa palustris
Rosa,NA
Rosa afzeliana x canina,NA
Rosa arvensis,NA
Rosa caesia subsp. caesia,NA
Rosa caesia subsp. vosagiaca,NA
Rosa canina,NA
Rosa canina agg.,NA
Rosa rubiginosa,NA
Rosa rugosa,Rosa rugosa
Rosa rugosa x canina = R. x praegeri,NA
Rosa sherardii,NA
Rosa spinosissima,NA
Rubia peregrina,NA
Rubus,NA
Rubus armeniacus,NA
Rubus caesarius,NA
Rubus caesius,NA
Rubus chamaemorus,Rubus chamaemorus
Rubus fruticosus agg.,NA
Rubus fruticosus agg. x idaeus,NA
Rubus idaeus,NA
Rubus saxatilis,Rubus saxatilis
Rubus spectabilis,NA
Rubus ulmifolius,NA
Rumex,NA
Rumex acetosa,Rumex acetosa
Rumex acetosa subsp. acetosa,NA
Rumex acetosella,Rumex acetosella
Rumex acetosella subsp. acetosella,NA
Rumex alpinus,NA
Rumex aquaticus x obtusifolius = R. x platyphyllus,NA
Rumex conglomeratus,NA
Rumex crispus,Rumex crispus
Rumex crispus subsp. littoreus,NA
Rumex crispus x maritimus = R. x fallacinus,NA
Rumex crispus/obtusifolius,Rumex crispus/obtusifolius
Rumex hydrolapathum,Rumex hydrolapathum
Rumex obovatus,NA
Rumex obtusifolius,NA
Rumex obtusifolius var. microcarpus,NA
Rumex palustris,NA
Rumex pulcher,NA
Rumex sanguineus,NA
Rumex sanguineus var. sanguineus,NA
Rumex sanguineus x pulcher = R. x mixtus,NA
Ruppia,NA
Ruscus,NA
Ruscus aculeatus,Ruscus aculeatus
Sagina,NA
Sagina apetala,Sagina apetala
Sagina maritima,NA
Sagina nodosa,Sagina nodosa
Sagina procumbens,NA
Sagina saginoides x procumbens = S. x normaniana,NA
Sagittaria sagittifolia,Sagittaria sagittifolia
Salicornia,NA
Salicornia europaea,NA
Salicornia ramosissima,NA
Salix,NA
Salix alba var. alba,NA
Salix arbuscula,NA
Salix aurita,NA
Salix caprea,NA
Salix caprea subsp. caprea,NA
Salix cinerea,NA
Salix cinerea subsp. cinerea,NA
Salix cinerea subsp. oleifolia,NA
Salix euxina x alba = S. x fragilis,NA
Salix herbacea,NA
Salix purpurea,NA
Salix repens,Salix repens
Salix viminalis,NA
Salsola kali subsp. kali,NA
Salvia verbenaca,Salvia verbenaca
Sambucus,NA
Sambucus nigra,NA
Samolus valerandi,NA
Sanguisorba minor,Sanguisorba minor
Sanguisorba officinalis,Sanguisorba officinalis
Sanicula europaea,Sanicula europaea
Saponaria officinalis,NA
Sarcocornia perennis,NA
Saxifraga,NA
Saxifraga aizoides,Saxifraga aizoides
Saxifraga cymbalaria,NA
Saxifraga granulata,Saxifraga granulata
Saxifraga hypnoides,Saxifraga hypnoides
Saxifraga oppositifolia,Saxifraga oppositifolia
Saxifraga stellaris,Saxifraga stellaris
Saxifraga tridactylites,Saxifraga tridactylites
Scabiosa columbaria,Scabiosa columbaria
Schoenoplectus,NA
Schoenoplectus lacustris,Schoenoplectus lacustris
Schoenoplectus tabernaemontani,NA
Schoenus nigricans,Schoenus nigricans
Scilla forbesii,NA
Scilla verna,NA
Scirpus sylvaticus,Scirpus sylvaticus
Scorzoneroides autumnalis,NA
Scorzoneroides autumnalis var. autumnalis,NA
Scrophularia,NA
Scrophularia auriculata,NA
Scrophularia nodosa,NA
Scrophularia scorodonia,NA
Scutellaria galericulata,Scutellaria galericulata
Scutellaria minor,Scutellaria minor
Secale cereale,NA
Sedum acre,Sedum acre
Sedum album,NA
Sedum anglicum,Sedum anglicum
Sedum cepaea,NA
Sedum rosea,Sedum rosea
Selaginella selaginoides,NA
Senecio,NA
Senecio aquaticus,Senecio aquaticus
Senecio erucifolius,Senecio erucifolius
Senecio jacobaea,Senecio jacobaea
Senecio jacobaea subsp. jacobaea,NA
Senecio jacobaea var. jacobaea,NA
Senecio squalidus,NA
Senecio sylvaticus,NA
Senecio vernalis,NA
Senecio viscosus,NA
Senecio vulgaris,NA
Seriphidium maritimum,NA
Serratula tinctoria,Serratula tinctoria
Sesleria caerulea,NA
Sherardia arvensis,Sherardia arvensis
Sidalcea hendersonii,NA
Silaum silaus,Silaum silaus
Silene,NA
Silene coronaria,NA
Silene dioica,Silene dioica
Silene flos-cuculi,NA
Silene flos-jovis,NA
Silene latifolia,Silene latifolia
Silene latifolia subsp. alba,NA
Silene uniflora,Silene uniflora
Silene vulgaris,NA
Silene vulgaris x uniflora,NA
Silybum marianum,NA
Sinapis alba,NA
Sinapis arvensis,NA
Sison amomum,NA
Sisymbrium altissimum,NA
Sisymbrium officinale,NA
Sium latifolium,NA
Smyrnium olusatrum,NA
Solanum,NA
Solanum dulcamara,Solanum dulcamara
Solanum dulcamara var. marinum,NA
Solanum nigrum,NA
Solanum tuberosum,NA
Soleirolia soleirolii,NA
Solidago,NA
Solidago canadensis,NA
Solidago virgaurea,Solidago virgaurea
Sonchus,NA
Sonchus arvensis,Sonchus arvensis
Sonchus asper,Sonchus asper
Sonchus asper subsp. asper,NA
Sonchus oleraceus,Sonchus oleraceus
Sonchus palustris,NA
Sorbus,NA
Sorbus aria,NA
Sorbus arranensis,NA
Sorbus aucuparia,Sorbus aucuparia
Sorbus intermedia,NA
Sparganium,NA
Sparganium emersum,NA
Sparganium erectum,Sparganium erectum
Spartina,NA
Spartina anglica,Spartina anglica
Spartina maritima,NA
Spergula,NA
Spergula arvensis,NA
Spergularia,NA
Spergularia marina,Spergularia marina
Spergularia media,Spergularia media
Spergularia rubra,Spergularia rubra
Spergularia rupicola,NA
Spergularia rupicola x marina,NA
Spiranthes spiralis,NA
Spirodela polyrhiza,Spirodela polyrhiza
Stachys,NA
Stachys arvensis,NA
Stachys byzantina,NA
Stachys germanica,NA
Stachys officinalis,Stachys officinalis
Stachys palustris,Stachys palustris
Stachys sylvatica,NA
Stachys sylvatica x palustris = S. x ambigua,NA
Stellaria,NA
Stellaria alsine,NA
Stellaria graminea,Stellaria graminea
Stellaria holostea,Stellaria holostea
Stellaria media,Stellaria media
Stellaria neglecta,NA
Stellaria palustris,NA
Suaeda maritima,Suaeda maritima
Suaeda vera,NA
Succisa pratensis,Succisa pratensis
Symphoricarpos albus,Symphoricarpos albus
Symphytum,NA
Symphytum officinale,Symphytum officinale
Symphytum officinale x asperum = S. x uplandicum,NA
Symphytum officinale x asperum x tuberosum,NA
Symphytum orientale,NA
Syrenia cana,NA
Syringa vulgaris,NA
Tamarix gallica,NA
Tamus communis,Tamus communis
Tanacetum parthenium,NA
Tanacetum vulgare,NA
Taraxacum,NA
Taraxacum agg.,NA
Taraxacum dilatatum,NA
Taraxacum laevigatum agg.,NA
Taraxacum nordstedtii,NA
Taraxacum officinale agg.,NA
Taraxacum palustre,NA
Taraxacum sagittipotens,NA
Taraxacum sect. Erythrosperma,NA
Taraxacum xanthostigma,NA
Taxus,NA
Taxus baccata,NA
Tellima grandiflora,NA
Tephroseris integrifolia,NA
Teucrium,NA
Teucrium chamaedrys x lucidum,NA
Teucrium scordium,NA
Teucrium scorodonia,Teucrium scorodonia
Thalictrum flavum,Thalictrum flavum
Thalictrum minus,Thalictrum minus
Thelypteris,NA
Thelypteris palustris,NA
Thlaspi arvense,NA
Thuja,NA
Thuja plicata,NA
Thymus,NA
Thymus polytrichus,NA
Thymus polytrichus subsp. britannicus,NA
Thymus polytrichus/pulegioides,Thymus polytrichus/pulegioides
Thymus serpyllum,NA
Thymus vulgaris,NA
Tilia,NA
Tilia cordata,NA
Tilia platyphyllos,NA
Tilia platyphyllos x cordata = T. x europaea,NA
Torilis arvensis,NA
Torilis japonica,Torilis japonica
Torilis nodosa,NA
Tragopogon,NA
Tragopogon porrifolius,NA
Tragopogon pratensis,NA
Trichophorum,NA
Trichophorum caespitosum s.lat.,NA
Trichophorum cespitosum subsp. nothofoersteri (cespitosum x germanicum),NA
Trichophorum germanicum s.str.,NA
Trientalis europaea,Trientalis europaea
Trifolium,NA
Trifolium albidum,NA
Trifolium arvense,NA
Trifolium campestre,Trifolium campestre
Trifolium dubium,Trifolium dubium
Trifolium fragiferum,Trifolium fragiferum
Trifolium hybridum,NA
Trifolium medium,NA
Trifolium micranthum,NA
Trifolium occidentale,NA
Trifolium ornithopodioides,NA
Trifolium pratense,Trifolium pratense
Trifolium pratense var. pratense,NA
Trifolium pratense var. sativum,NA
Trifolium repens,Trifolium repens
Trifolium repens var. townsendi,NA
Trifolium retusum,NA
Trifolium scabrum,NA
Trifolium subterraneum,NA
Triglochin maritimum,Triglochin maritimum
Triglochin palustre,Triglochin palustre
Trinia glauca,NA
Tripleurospermum,NA
Tripleurospermum inodorum,Tripleurospermum inodorum
Tripleurospermum maritimum,NA
Tripleurospermum maritimum sens.lat.,NA
Tripleurospermum maritimum x inodorum,NA
Trisetum flavescens,NA
Trisetum flavescens subsp. purpurascens,NA
Triticum,NA
Triticum aestivum,NA
Trollius europaeus,Trollius europaeus
Tropaeolum majus,NA
Tsuga heterophylla,NA
Tussilago,NA
Tussilago farfara,NA
Typha,NA
Typha angustifolia,NA
Typha latifolia,Typha latifolia
Ulex,NA
Ulex europaeus,Ulex europaeus
Ulex gallii,NA
Ulex gallii/minor,Ulex gallii/minor
Ulex minor,NA
Ulmus,NA
Ulmus aggregate,NA
Ulmus glabra,NA
Ulmus glabra x procera,NA
Ulmus minor agg.,NA
Ulmus procera,NA
Umbellularia,NA
Umbilicus rupestris,NA
Urtica,NA
Urtica dioica,Urtica dioica
Urtica dioica subsp. dioica,NA
Urtica urens,NA
Utricularia vulgaris,NA
Vaccinium microcarpum,NA
Vaccinium myrtillus,Vaccinium myrtillus
Vaccinium oxycoccos,Vaccinium oxycoccos
Vaccinium vitis-idaea,Vaccinium vitis-idaea
Valeriana,NA
Valeriana dioica,Valeriana dioica
Valeriana officinalis,Valeriana officinalis
Valerianella,NA
Valerianella locusta,Valerianella locusta
Vancouveria planipetala,NA
Verbascum nigrum,NA
Verbascum thapsus,NA
Verbena officinalis,NA
Veronica,NA
Veronica agrestis,NA
Veronica alpina,NA
Veronica anagallis-aquatica,NA
Veronica arvensis,Veronica arvensis
Veronica beccabunga,Veronica beccabunga
Veronica catenata,NA
Veronica chamaedrys,NA
Veronica filiformis,NA
Veronica hederifolia,NA
Veronica montana,Veronica montana
Veronica officinalis,Veronica officinalis
Veronica persica,NA
Veronica polita,NA
Veronica scutellata,NA
Veronica serpyllifolia,NA
Viburnum,NA
Viburnum lantana,NA
Viburnum opulus,NA
Vicia,NA
Vicia benghalensis,NA
Vicia cracca,Vicia cracca
Vicia faba,NA
Vicia hirsuta,Vicia hirsuta
Vicia lathyroides,NA
Vicia lutea,NA
Vicia sativa,NA
Vicia sativa subsp. nigra,NA
Vicia sativa subsp. segetalis,NA
Vicia sepium,NA
Vicia spp.,NA
Vicia tetrasperma,NA
Vinca minor,NA
Viola,NA
Viola arvensis,Viola arvensis
Viola canina,NA
Viola hirta,Viola hirta
Viola lutea,Viola lutea
Viola odorata,NA
Viola palustris,Viola palustris
Viola reichenbachiana,NA
Viola reichenbachiana/riviniana,NA
Viola riviniana,NA
Viola rupestris,NA
Viola tricolor,NA
Viola tricolor subsp. tricolor,NA
Viola tricolor x arvensis = V. x contempta,NA
Violaceae,NA
Vulpia,NA
Vulpia bromoides,NA
Vulpia ciliata subsp. ambigua,NA
Vulpia myuros,NA
Wahlenbergia hederacea,NA
Zea mays,NA
Zostera (Zostera) marina,NA
